消防栓編號,單位名稱,自訂編號,種類,消防栓蓋,產權,區鄉鎮市名稱,消防栓位置,出水口型式,開關型式,消防栓標誌,經度,緯度,是否停用,備註,水公司單位名稱,消防栓照片,建檔時間,建檔帳號,修改時間,修改帳號,版本,查察梯次,水壓不足,水壓不足時1,水壓不足時2,出水量
5988,中山分隊,A001,地上,,公,太平區,新高里中山路四段23號,單口,五角開關,無,120.71313858,24.14963551,False,,大里服務所,True,,,2024/9/25 上午 07:13:27,中山分隊,17,1,False,0,0,2079
5628,中山分隊,A002,地上,,公,太平區,新高里宜鑫加油站左側巷口（分隊對面）,雙口,五角開關,無,120.7131721,24.14972729,False,,大里服務所,True,,,2026/4/15 下午 01:05:21,中山分隊,17,1,False,0,0,1926
5629,中山分隊,A003,地下,一般式,公,太平區,新高里中山路四段28巷17弄1號旁,單口,五角開關,無,120.71229636,24.15086535,False,,大里服務所,True,,,2025/8/8 下午 04:53:48,中山分隊,17,1,False,0,0,1044
18533,中山分隊,A004,地上,,公,太平區,新高里中山路四段86之1號（德侑藥局前）,雙口,五角開關,無,120.71065912,24.14970463,False,,大里服務所,True,2019/1/2 上午 10:39:34,中山分隊,2026/4/15 下午 01:08:37,中山分隊,6,1,False,0,0,1057
5575,中山分隊,A005,地下,一般式,公,太平區,新福里新福路2號,單口,五角開關,無,120.70319562,24.14822943,False,,大里服務所,True,,,2026/4/15 下午 01:09:49,中山分隊,14,1,False,0,0,1131
5576,中山分隊,A006,地下,一般式,公,太平區,新福里新福路58號,單口,五角開關,無,120.70325731,24.14929539,False,,大里服務所,True,,,2026/4/15 下午 01:10:31,中山分隊,12,1,False,0,0,1064
18534,中山分隊,A007,地下,一般式,公,太平區,新福里新福路66巷36弄60號旁,單口,五角開關,無,120.70389444,24.14961026,False,,大里服務所,True,2019/1/2 上午 10:50:26,中山分隊,2026/4/15 下午 01:11:28,中山分隊,7,1,False,0,0,1083
18535,中山分隊,A008,地下,一般式,公,太平區,新福里新福路66巷36弄61號前方車庫,單口,五角開關,無,120.70465149,24.14899787,False,,大里服務所,True,2019/1/2 上午 10:53:32,中山分隊,2026/4/15 下午 01:12:19,中山分隊,7,1,False,0,0,1062
18536,中山分隊,A009,地下,一般式,公,太平區,新福路66巷36弄31號側邊（機車格）,單口,五角開關,無,120.70445859,24.1495203,False,,大里服務所,True,2019/1/2 上午 10:55:57,中山分隊,2026/4/15 下午 01:13:02,中山分隊,7,1,False,0,0,1038
18537,中山分隊,A010,地下,一般式,公,太平區,新福里新福路66巷50號前,單口,五角開關,無,120.70468081,24.15000766,False,,大里服務所,True,2019/1/2 上午 10:57:50,中山分隊,2026/4/15 下午 01:14:29,中山分隊,6,1,False,0,0,891
5577,中山分隊,A011,地下,一般式,公,太平區,新福里新福路110號（順天璞玥前）,單口,五角開關,無,120.70329487,24.15018496,False,,大里服務所,True,,,2024/9/25 上午 07:16:09,中山分隊,12,1,False,0,0,0
16764,中山分隊,A012,地下,一般式,公,太平區,新光里新福路208號,單口,五角開關,無,120.70336461,24.15152126,False,,大里服務所,True,2015/6/30 下午 10:17:32,中山分隊,2026/4/11 上午 11:22:17,中山分隊,14,1,False,0,0,1000
18538,中山分隊,A013,地下,一般式,公,太平區,新光里新福十街16-2號,單口,五角開關,無,120.70387292,24.15155635,False,,大里服務所,True,2019/1/2 上午 10:59:40,中山分隊,2024/9/25 上午 07:16:28,中山分隊,5,1,False,0,0,344
18539,中山分隊,A014,地下,一般式,公,太平區,新光里新福十街1-3號,單口,五角開關,無,120.7038494,24.15192833,False,,大里服務所,True,2019/1/2 上午 11:01:45,中山分隊,2024/9/25 上午 07:16:38,中山分隊,5,1,False,0,0,490
5621,中山分隊,A015,地下,一般式,公,太平區,新光里新福十街50號前,單口,五角開關,無,120.70458428,24.1517304,False,,大里服務所,True,,,2024/9/25 上午 07:16:47,中山分隊,15,1,False,0,0,1681
5578,中山分隊,A016,地下,一般式,公,太平區,新光里新福路266號,單口,五角開關,無,120.70355772,24.15278543,False,,大里服務所,True,,,2024/9/25 上午 07:16:57,中山分隊,12,1,False,0,0,814
5584,中山分隊,A017,地下,一般式,公,太平區,新光里新福路300號前,單口,五角開關,無,120.7036811,24.15308646,False,,大里服務所,True,,,2024/9/25 上午 07:17:14,中山分隊,15,1,False,0,0,351
5622,中山分隊,A018,地下,一般式,公,太平區,新光里新福十六街49號,單口,五角開關,無,120.70427407,24.15308573,False,,大里服務所,True,,,2026/4/11 上午 11:32:57,中山分隊,16,1,False,0,0,173
21600,中山分隊,A019,地下,一般式,公,太平區,新福東街與振武路143巷口,單口,五角開關,有,120.704423,24.153532,False,,大里服務所,True,2024/6/27 上午 10:01:16,中山分隊,2024/9/25 上午 07:17:38,中山分隊,5,1,False,0,0,582
5585,中山分隊,A020,地下,一般式,公,太平區,新光里新福路530之1號前,單口,五角開關,無,120.70415854,24.1542183,False,,大里服務所,True,,,2024/9/25 上午 07:17:50,中山分隊,14,1,False,0,0,819
5579,中山分隊,A021,地下,一般式,公,太平區,新光里新福路558號,單口,五角開關,無,120.7044482,24.15480696,False,,大里服務所,True,,,2024/9/25 上午 07:18:11,中山分隊,16,1,False,0,0,1551
5587,中山分隊,A022,地下,固鎖式,公,太平區,新光里新福路876號旁讀樂樂車道口,單口,五角開關,無,120.70548831,24.15647841,False,,大里服務所,True,,,2026/4/11 下午 01:16:07,中山分隊,18,1,False,0,0,1508
18540,中山分隊,A023,地下,一般式,公,太平區,新興里新福路1090號,單口,五角開關,無,120.70653271,24.15797469,False,,大里服務所,True,2019/1/2 上午 11:03:19,中山分隊,2024/9/25 上午 07:19:14,中山分隊,6,1,False,0,0,861
5590,中山分隊,A024,地下,一般式,公,太平區,新興里新福路853號,單口,五角開關,無,120.70661544,24.15925,False,,大里服務所,True,,,2024/9/25 上午 07:19:23,中山分隊,18,1,False,0,0,1464
5589,中山分隊,A025,地下,固鎖式,公,太平區,新興里新福路831號,單口,五角開關,無,120.70654034,24.15847177,False,,大里服務所,True,,,2024/9/25 上午 07:19:36,中山分隊,18,1,False,0,0,1423
5588,中山分隊,A026,地下,一般式,公,太平區,新光里新福路763號,單口,五角開關,無,120.70531189,24.15643071,False,,大里服務所,True,,,2024/9/25 上午 07:19:55,中山分隊,17,1,False,0,0,1431
5580,中山分隊,A027,地下,一般式,公,太平區,新光里新福路582號對面,單口,五角開關,無,120.70449113,24.15520214,False,,大里服務所,True,,,2024/9/25 上午 07:20:06,中山分隊,14,1,False,0,0,1431
17609,中山分隊,A028,地下,一般式,公,太平區,新光里新福路403號旁,單口,五角開關,無,120.70396944,24.15398458,False,,大里服務所,True,2017/1/1 上午 12:28:01,letyhj0723,2024/9/25 上午 07:20:16,中山分隊,10,1,False,0,0,1484
5583,中山分隊,A029,地下,一般式,公,太平區,新光里新福路167號,單口,五角開關,無,120.70355236,24.15303866,False,,大里服務所,True,,,2024/9/25 上午 07:20:25,中山分隊,16,1,False,0,0,1526
5582,中山分隊,A030,地下,一般式,公,太平區,新光里新福路101號,單口,五角開關,無,120.70331633,24.15103667,False,,大里服務所,True,,,2024/9/25 上午 07:20:38,中山分隊,15,1,False,0,0,1639
5581,中山分隊,A031,地下,一般式,公,太平區,新福里新福路66巷對面,單口,五角開關,無,120.70320367,24.15016049,False,,大里服務所,True,,,2024/9/25 上午 07:20:46,中山分隊,14,1,False,0,0,1364
18541,中山分隊,A032,地下,一般式,公,太平區,新福里新福路67巷5-8號（左邊）,單口,五角開關,無,120.70292055,24.14976669,False,,大里服務所,True,2019/1/2 上午 11:05:01,中山分隊,2024/9/25 上午 07:20:55,中山分隊,6,2,False,0,0,1509
18542,中山分隊,A033,地下,一般式,公,太平區,新福里新福路67巷18-5號（右邊）,單口,五角開關,無,120.70294201,24.15016318,False,,大里服務所,True,2019/1/2 上午 11:07:28,中山分隊,2024/9/25 上午 07:21:16,中山分隊,6,2,False,0,0,1106
17179,中山分隊,A034,地下,一般式,公,太平區,新福里新福路35號,單口,五角開關,無,120.70314735,24.14913821,False,,大里服務所,True,2016/1/1 上午 10:43:01,中山分隊,2024/9/25 上午 07:21:28,中山分隊,13,2,False,0,0,1454
5574,中山分隊,A035,地下,一般式,公,太平區,新福里新福路1號,單口,五角開關,無,120.70312856,24.14828275,False,,大里服務所,True,,,2024/9/25 上午 07:21:37,中山分隊,18,2,False,0,0,1549
5572,中山分隊,A036,地下,一般式,公,太平區,新福里中山路四段212巷口,單口,五角開關,無,120.7021147,24.14814377,False,,大里服務所,True,,,2024/9/25 上午 07:21:46,中山分隊,14,2,False,0,0,1508
18543,中山分隊,A037,地下,一般式,公,太平區,新福里旱溪東路二段與中山路四段口,單口,五角開關,無,120.70058406,24.14805381,False,,大里服務所,True,2019/1/2 上午 11:09:56,中山分隊,2024/9/25 上午 07:22:01,中山分隊,6,2,False,0,0,1745
18544,中山分隊,A038,地上,一般式,公,太平區,新福里旱溪東路二段100號旁（近新福公園）,雙口,五角開關,無,120.7019347,24.15193424,False,,大里服務所,True,2019/1/2 上午 11:12:20,中山分隊,2024/9/25 上午 07:22:10,中山分隊,6,2,False,0,0,1607
18545,中山分隊,A039,地上,,公,太平區,新福里旱溪東路二段100~117號（寓上樂灣大樓前）,雙口,五角開關,無,120.70252283,24.15254277,False,,大里服務所,True,2019/1/2 上午 11:14:28,中山分隊,2024/9/25 上午 07:22:19,中山分隊,6,2,False,0,0,1429
18546,中山分隊,A040,地上,,公,太平區,新福里旱溪東路二段新光橋前右側,雙口,五角開關,無,120.70299265,24.15313968,False,,大里服務所,True,2019/1/2 上午 11:16:06,中山分隊,2024/9/25 上午 07:22:26,中山分隊,6,2,False,0,0,1831
19788,中山分隊,A041,地下,一般式,公,太平區,新福里旱溪東路二段286號旁30公尺（新福路資源回收廠正後方）,單口,五角開關,無,120.70471028,24.1562816,False,,大里服務所,True,2019/10/21 下午 10:55:30,中山分隊,2024/9/25 上午 07:22:36,中山分隊,6,2,False,0,0,1563.4
21599,中山分隊,A042,地下,一般式,公,太平區,旱溪東路二段與新光路口,單口,五角開關,無,120.70513,24.15857,False,,大里服務所,True,2024/6/27 上午 09:57:44,中山分隊,2024/9/25 上午 07:23:00,中山分隊,5,2,False,0,0,1007.2
19789,中山分隊,A043,地下,一般式,公,太平區,新福里旱溪西路二段230巷口旁（建築工地前）,單口,五角開關,無,120.70280677,24.15515157,False,,大里服務所,True,2019/10/21 下午 10:57:07,中山分隊,2024/9/25 上午 07:23:08,中山分隊,7,2,False,0,0,1325.1
18547,中山分隊,A044,地下,一般式,公,太平區,新福里旱溪西路二段230巷53弄21號,單口,五角開關,無,120.70171913,24.15484932,False,,大里服務所,True,2019/1/2 上午 11:18:12,中山分隊,2024/9/25 上午 07:23:19,中山分隊,6,2,False,0,0,470.4
19790,中山分隊,A045,地下,一般式,公,太平區,新福里旱溪西路二段212巷口,單口,五角開關,無,120.70248649,24.15466256,False,,大里服務所,True,2019/10/21 下午 10:59:00,中山分隊,2024/9/25 上午 07:23:32,中山分隊,6,2,False,0,0,1002.6
18548,中山分隊,A046,地下,一般式,公,太平區,新福里旱溪西路二段170號四季水悅,單口,五角開關,無,120.70100393,24.15278361,False,,大里服務所,True,2019/1/2 上午 11:20:23,中山分隊,2024/9/25 上午 07:23:42,中山分隊,8,2,False,0,0,1220.8
5573,中山分隊,A047,地下,一般式,公,太平區,新福里中山路四段213巷口,單口,五角開關,無,120.70135713,24.14797471,False,,大里服務所,True,,,2024/9/25 上午 07:23:54,中山分隊,15,2,False,0,0,1323
18549,中山分隊,A048,地下,一般式,公,太平區,新福里旱溪東路一段590-1號,單口,五角開關,無,120.70108655,24.1468623,False,,大里服務所,True,2019/1/2 上午 11:26:00,中山分隊,2024/9/25 上午 07:26:48,中山分隊,7,2,False,0,0,1529.4
5571,中山分隊,A049,地下,一般式,公,太平區,新福里旱溪東路一段542巷23號,單口,五角開關,無,120.70153132,24.14614913,False,,大里服務所,True,,,2024/9/25 上午 07:26:59,中山分隊,16,2,False,0,0,0
18550,中山分隊,A050,地下,一般式,公,太平區,新福里振福路12巷12號前,單口,五角開關,無,120.70201657,24.14587808,False,,大里服務所,True,2019/1/2 上午 11:28:36,中山分隊,2024/9/25 上午 07:27:10,中山分隊,6,2,False,0,0,1260.5
5570,中山分隊,A051,地下,一般式,公,太平區,新福里振福路81號,單口,五角開關,無,120.70348262,24.14662142,False,,台中給水廠,True,,,2026/5/13 下午 03:15:39,災害搶救科,18,2,False,0,0,1300
5627,中山分隊,A052,地下,一般式,公,太平區,新福里振福路和振福路126巷口,單口,五角開關,無,120.70452332,24.14756616,False,,大里服務所,True,,,2024/9/25 上午 07:27:34,中山分隊,19,2,False,0,0,1371
5625,中山分隊,A053,地下,一般式,公,太平區,新福里福興街11之2號前,單口,五角開關,無,120.705446,24.14960247,False,,大里服務所,True,,,2024/9/25 上午 07:27:46,中山分隊,18,2,False,0,0,935
5620,中山分隊,A054,地下,一般式,公,太平區,新福里樹德一街123號前,單口,五角開關,無,120.70558547,24.15093028,False,,大里服務所,True,,,2024/9/25 上午 07:27:56,中山分隊,22,2,False,0,0,1570
5619,中山分隊,A055,地下,一般式,公,太平區,新福里樹德一街福光橋頭,單口,五角開關,無,120.70582553,24.15093151,False,,大里服務所,True,,,2024/9/25 上午 07:28:04,中山分隊,21,2,False,0,0,1570
5618,中山分隊,A056,地下,一般式,公,太平區,新光里樹德一街136號前,單口,五角開關,無,120.70676832,24.15124845,False,,大里服務所,True,,,2024/9/25 上午 07:28:15,中山分隊,19,2,False,0,0,1831
18551,中山分隊,A057,地下,一般式,公,太平區,新光里樹德一街136巷70弄25號前,單口,五角開關,無,120.70682656,24.15277769,False,,大里服務所,True,2019/1/2 上午 11:33:47,中山分隊,2024/9/25 上午 07:28:30,中山分隊,8,2,False,0,0,426
5617,中山分隊,A058,地下,一般式,公,太平區,新光里振福路295號前,單口,五角開關,無,120.70715188,24.15124715,False,,大里服務所,True,,,2024/9/25 上午 07:28:40,中山分隊,17,2,False,0,0,1847
5623,中山分隊,A059,地下,一般式,公,太平區,新福里振福路243號前,單口,五角開關,無,120.70647285,24.15019469,False,,大里服務所,True,,,2024/9/25 上午 07:28:51,中山分隊,19,2,False,0,0,1483
5624,中山分隊,A060,地下,一般式,公,太平區,新福里振福路195號前,單口,五角開關,無,120.7058443,24.14932475,False,,大里服務所,True,,,2024/9/25 上午 07:29:01,中山分隊,22,2,False,0,0,1456
18552,中山分隊,A061,地下,一般式,公,太平區,新福里中山路四段96巷2弄30號,單口,五角開關,無,120.70752989,24.14949389,False,,大里服務所,True,2019/1/2 上午 11:36:52,中山分隊,2024/9/25 上午 07:29:10,中山分隊,6,2,False,0,0,253
5626,中山分隊,A062,地下,一般式,公,太平區,新福里樹德一街73巷58號前,單口,四角開關,無,120.70772588,24.14982763,False,,大里服務所,True,,,2024/9/25 上午 07:30:22,中山分隊,18,2,False,0,0,330
5614,中山分隊,A063,地下,一般式,公,太平區,新福里樹德一街73巷口,單口,五角開關,無,120.70759713,24.15101709,False,,大里服務所,True,,,2024/9/25 上午 07:30:43,中山分隊,17,2,False,0,0,526
5615,中山分隊,A064,地下,一般式,公,太平區,新福里樹德一街37巷口,單口,五角開關,無,120.70910453,24.15060103,False,,大里服務所,True,,,2024/9/25 上午 07:30:52,中山分隊,16,2,False,0,0,1548
5616,中山分隊,A065,地下,一般式,公,太平區,新福里樹德一街13巷口,單口,五角開關,無,120.71002721,24.15035628,False,,大里服務所,True,,,2024/9/25 上午 07:31:03,中山分隊,17,2,False,0,0,276
21601,中山分隊,A066,地下,一般式,公,太平區,樹德路與樹德一街口,單口,五角開關,無,120.710647,24.150285,False,,大里服務所,True,2024/6/27 上午 10:02:56,中山分隊,2024/9/25 上午 07:31:11,中山分隊,4,2,False,0,0,519
5613,中山分隊,A067,地下,一般式,公,太平區,新光里樹德一街96巷40號前,單口,五角開關,無,120.70821404,24.15204012,False,,大里服務所,True,,,2024/9/25 上午 07:31:21,中山分隊,19,3,False,0,0,481
5612,中山分隊,A068,地下,一般式,公,太平區,新光里樹德一街48巷23弄19號前,單口,五角開關,無,120.70904016,24.15211354,False,,大里服務所,True,,,2024/9/25 上午 07:31:30,中山分隊,18,3,False,0,0,945
5609,中山分隊,A069,地下,一般式,公,太平區,新光里振福路與振武路口,單口,五角開關,無,120.70892482,24.15425501,False,,大里服務所,True,,,2024/9/25 上午 07:31:40,中山分隊,18,3,False,0,0,388
5601,中山分隊,A070,地下,一般式,公,太平區,新光里振福路435巷17弄口,單口,五角開關,無,120.70883631,24.15515319,False,,大里服務所,True,,,2024/9/25 上午 07:31:50,中山分隊,15,3,False,0,0,1704
5607,中山分隊,A071,地下,一般式,公,太平區,新光里振武路110號前,單口,四角開關,無,120.70661243,24.15412897,False,,大里服務所,True,,,2026/4/15 下午 02:55:05,中山分隊,18,3,False,0,0,348
5608,中山分隊,A072,地下,一般式,公,太平區,新光里振武路142號前,單口,五角開關,無,120.70562839,24.15405677,False,,大里服務所,True,,,2026/4/15 下午 03:00:05,中山分隊,19,3,False,0,0,319
5604,中山分隊,A073,地下,一般式,公,太平區,新光里振英街53號前,單口,五角開關,無,120.70655107,24.15456583,False,,大里服務所,True,,,2026/4/15 下午 03:00:45,中山分隊,17,3,False,0,0,446
5605,中山分隊,A074,地下,一般式,公,太平區,新光里振英街91巷口,單口,五角開關,無,120.70643842,24.15534409,False,,大里服務所,True,,,2026/4/15 下午 03:02:11,中山分隊,17,3,False,0,0,454
5606,中山分隊,A075,地下,一般式,公,太平區,新光里振英街91巷46號,單口,五角開關,無,120.70550099,24.15529881,False,,大里服務所,True,,,2026/4/15 下午 03:02:41,中山分隊,18,3,False,0,0,387
5603,中山分隊,A076,地下,一般式,公,太平區,新光里振昌街與振德路口,單口,五角開關,無,120.7078245,24.1554873,False,,大里服務所,True,,,2026/4/15 下午 03:03:30,中山分隊,19,3,False,0,0,562
5593,中山分隊,A077,地下,一般式,公,太平區,新興里新光路52號,單口,五角開關,無,120.70836424,24.15641602,False,,大里服務所,True,,,2026/4/15 下午 03:04:18,中山分隊,18,3,False,0,0,514
5591,中山分隊,A078,地下,固鎖式,公,太平區,新興里新光路新生巷16號,單口,五角開關,無,120.7096517,24.1565335,False,,大里服務所,True,,,2026/4/15 下午 03:04:57,中山分隊,22,3,False,0,0,523
5599,中山分隊,A079,地下,一般式,公,太平區,新興里新光路18號右側,單口,五角開關,無,120.70954173,24.15589719,False,,大里服務所,True,,,2026/4/15 下午 03:05:35,中山分隊,18,3,False,0,0,463
5597,中山分隊,A080,地上,,公,太平區,新興里樹德九街60號前,單口,五角開關,無,120.7105945,24.15598529,False,,大里服務所,True,,,2026/4/15 下午 03:08:27,中山分隊,18,3,False,0,0,449
5596,中山分隊,A081,地上,,公,太平區,新興里樹德九街77號前,單口,五角開關,無,120.71016669,24.1561615,False,,大里服務所,True,,,2026/4/15 下午 03:09:07,中山分隊,17,3,False,0,0,469
5595,中山分隊,A082,地下,一般式,公,太平區,新興里樹德九街70號前,單口,五角開關,無,120.71021631,24.15647476,False,,大里服務所,True,,,2026/4/15 下午 03:10:26,中山分隊,18,3,False,0,0,537
5598,中山分隊,A083,地下,一般式,公,太平區,新興里樹德九街100巷15弄15號,單口,五角開關,無,120.71090161,24.15734111,False,,大里服務所,True,,,2026/4/15 下午 03:11:00,中山分隊,18,3,False,0,0,491
5648,中山分隊,A084,地下,固鎖式,公,太平區,新興里樹德九街100巷25號,單口,五角開關,無,120.71133344,24.15697891,False,,大里服務所,True,,,2026/4/15 下午 03:11:50,中山分隊,23,3,False,0,0,372
5594,中山分隊,A085,地上,,公,太平區,新興里樹德九街148號對面,單口,五角開關,無,120.71022033,24.15793826,False,,大里服務所,True,,,2026/4/15 下午 03:12:56,中山分隊,16,3,False,0,0,363
5592,中山分隊,A086,地下,固鎖式,公,太平區,新興里新光路新生巷52號前【新光國中左側】,單口,五角開關,無,120.70863515,24.1582564,False,,大里服務所,True,,,2026/4/15 下午 03:13:29,中山分隊,20,3,False,0,0,316
16791,中山分隊,A087,地上,,公,太平區,新興里新興路139號前,單口,五角開關,無,120.70868879,24.15915211,False,,大里服務所,True,2015/7/2 下午 08:52:31,中山分隊,2026/4/15 下午 03:14:37,中山分隊,18,3,False,0,0,539
18553,中山分隊,A088,地上,,公,太平區,新興里新興路85-1號（7-11前）,雙口,五角開關,無,120.71048444,24.15910612,False,,大里服務所,True,2019/1/2 上午 11:39:18,中山分隊,2026/4/15 下午 03:16:47,中山分隊,10,3,False,0,0,621
16800,中山分隊,A089,地下,,公,太平區,新興里新興路33-1號前,單口,五角開關,無,120.7118377,24.15901262,False,,大里服務所,True,2015/7/3 下午 09:31:59,中山分隊,2026/4/15 下午 03:18:00,中山分隊,18,3,False,0,0,395
5689,中山分隊,A090,地下,一般式,公,太平區,新興里怡林街20巷8號,單口,五角開關,無,120.71103572,24.15819155,False,,大里服務所,True,,,2026/4/15 下午 03:18:29,中山分隊,17,3,False,0,0,347
5688,中山分隊,A091,地下,一般式,公,太平區,新興里怡林街3號左側,單口,五角開關,無,120.71166738,24.15773023,False,,大里服務所,True,,,2026/4/15 下午 03:19:52,中山分隊,16,3,False,0,0,356
5658,中山分隊,A092,地上,,公,太平區,新興里新興路1號對面【全家便利商店】,單口,五角開關,無,120.71292668,24.15905667,False,,大里服務所,True,,,2026/4/15 下午 03:20:51,中山分隊,15,3,False,0,0,482
5672,中山分隊,A093,地上,,公,太平區,新興里新興一街與新興路口（樹德兒科診所）,單口,五角開關,無,120.71139514,24.15913253,False,,大里服務所,True,,,2026/4/15 下午 03:21:34,中山分隊,17,3,False,0,0,527
5673,中山分隊,A094,地上,,公,太平區,新興里新興路與太文路口,單口,五角開關,無,120.709531,24.15921329,False,,大里服務所,True,,,2026/4/15 下午 03:22:40,中山分隊,19,3,False,0,0,561
5674,中山分隊,A095,地上,,公,太平區,新興里新福路1156巷與新興路口（UBIKE旁）,單口,五角開關,無,120.70740669,24.15937481,False,,大里服務所,True,,,2026/4/15 下午 03:23:18,中山分隊,22,3,False,0,0,443
5675,中山分隊,A096,地上,,公,太平區,新興里新福路與新興路口（新光國小校門左側）,單口,五角開關,無,120.70657789,24.15942376,False,,大里服務所,True,,,2026/4/15 下午 03:24:01,中山分隊,22,3,False,0,0,376
5676,中山分隊,A097,地上,,公,太平區,新興里新興路與旱溪東路口（7-11對面）,單口,五角開關,無,120.70536553,24.15938216,False,,大里服務所,True,,,2026/4/15 下午 03:24:34,中山分隊,18,4,False,0,0,411
5677,中山分隊,A098,地上,,公,太平區,新興里新興二街水岸之星大樓門口前,單口,五角開關,無,120.70577055,24.16029743,False,,大里服務所,True,,,2026/4/15 下午 03:25:33,中山分隊,16,4,False,0,0,457
5678,中山分隊,A099,地上,,公,太平區,新興里新興二街100號,單口,五角開關,無,120.70577859,24.16095819,False,,大里服務所,True,,,2026/4/15 下午 03:25:58,中山分隊,18,4,False,0,0,388
5685,中山分隊,A100,地上,,公,太平區,新興里太順路886號,單口,五角開關,無,120.70585235,24.16133201,False,,大里服務所,True,,,2026/4/15 下午 03:26:47,中山分隊,17,4,False,0,0,359
5679,中山分隊,A101,地下,一般式,公,太平區,新興里新興二街27號前,單口,五角開關,無,120.70660471,24.16185878,False,,大里服務所,True,,,2026/4/15 下午 03:27:44,中山分隊,24,4,False,0,0,324
5683,中山分隊,A102,地上,,公,太平區,新興里太興路1號,單口,五角開關,無,120.70740401,24.16231151,False,,大里服務所,True,,,2026/4/15 下午 03:28:13,中山分隊,15,4,False,0,0,427
5682,中山分隊,A103,地上,,公,太平區,新興里太興路29號,單口,五角開關,無,120.70637673,24.16242408,False,,大里服務所,True,,,2026/4/15 下午 03:29:19,中山分隊,16,4,False,0,0,441
5680,中山分隊,A104,地上,,公,太平區,新興里太興路18號植幸福門口,單口,五角開關,無,120.705446,24.16248037,False,,大里服務所,True,,,2026/4/15 下午 03:29:57,中山分隊,19,4,False,0,0,393
5681,中山分隊,A105,地上,,公,太平區,新興里旱溪東路二段與太興路口,單口,五角開關,無,120.70471644,24.16242164,False,,大里服務所,True,,,2026/4/15 下午 03:30:23,中山分隊,18,4,False,0,0,483
5684,中山分隊,A106,地上,,公,太平區,新興里旱溪東路二段與太順路口,單口,五角開關,無,120.70489883,24.16116865,False,,大里服務所,True,,,2026/4/15 下午 03:31:15,中山分隊,15,4,False,0,0,523
18554,中山分隊,A107,地上,,公,太平區,新興里太順路858號對面,雙口,五角開關,無,120.70657268,24.16116529,False,,大里服務所,True,2019/1/2 上午 11:41:57,中山分隊,2026/4/15 下午 03:32:09,中山分隊,7,4,False,0,0,664
5687,中山分隊,A108,地上,,公,太平區,新興里太順路683號（澄石學而車道入口）,單口,五角開關,無,120.70809602,24.16116865,False,,大里服務所,True,,,2026/4/15 下午 03:32:33,中山分隊,22,4,False,0,0,397
17184,中山分隊,A109,地下,,公,太平區,新興里太順路683號（澄石學而車道出口前花圃）,單口,五角開關,無,120.70862174,24.16117666,False,,大里服務所,True,2016/1/1 上午 10:49:13,中山分隊,2026/6/11 下午 08:50:11,中山分隊,17,4,False,0,0,517
18555,中山分隊,A110,地上,,公,太平區,新興里太順路與太興路口（太順路832號旁空地前）,雙口,五角開關,無,120.70732232,24.16133041,False,,大里服務所,True,2019/1/2 上午 11:43:55,中山分隊,2026/6/11 下午 08:49:56,中山分隊,9,4,False,0,0,483
18556,中山分隊,A111,地下,一般式,公,太平區,新興里太文路71巷67號,單口,五角開關,無,120.70782709,24.16069483,False,,大里服務所,True,2019/1/2 上午 11:45:16,中山分隊,2026/4/15 下午 03:34:29,中山分隊,7,4,False,0,0,473
5669,中山分隊,A112,地下,,公,太平區,新興里太文路71巷38號,單口,五角開關,無,120.7085359,24.16071347,False,,大里服務所,True,,,2026/4/15 下午 03:35:16,中山分隊,16,4,False,0,0,386
5668,中山分隊,A113,地下,固鎖式,公,太平區,新興里太文路71巷27號,單口,五角開關,無,120.70880413,24.16066452,False,,大里服務所,True,,,2026/4/15 下午 03:36:00,中山分隊,16,4,False,0,0,414
5667,中山分隊,A114,地上,,公,太平區,新興里太文路70號,單口,五角開關,無,120.70954442,24.16058132,False,,大里服務所,True,,,2026/4/15 下午 03:36:36,中山分隊,17,4,False,0,0,381
5666,中山分隊,A115,地下,,公,太平區,新興里新安街150號,單口,五角開關,無,120.7084608,24.16028764,False,,大里服務所,True,,,2026/4/15 下午 03:37:14,中山分隊,21,4,False,0,0,293
5671,中山分隊,A116,地下,一般式,公,太平區,新興里新安街231號對面,單口,五角開關,無,120.70752203,24.16030233,False,,大里服務所,True,,,2026/4/15 下午 03:38:24,中山分隊,17,4,False,0,0,567
5665,中山分隊,A117,地上,,公,太平區,新興里新安街與太文路口,單口,五角開關,無,120.70939421,24.16017507,False,,大里服務所,True,,,2026/4/15 下午 03:39:48,中山分隊,17,4,False,0,0,588
5664,中山分隊,A118,地上,,公,太平區,新興里新安街111號（惠宇新觀）,單口,五角開關,無,120.710105,24.16017507,False,,大里服務所,True,,,2026/6/11 下午 08:50:41,中山分隊,18,4,False,0,0,396
5663,中山分隊,A119,地上,,公,太平區,新興里新安街42號,單口,五角開關,無,120.7107836,24.16022891,False,,大里服務所,True,,,2026/4/15 下午 03:42:38,中山分隊,19,4,False,0,0,966
17183,中山分隊,A120,地上,,公,太平區,新興里太順路571號旁（昌佑大智然新興一街側）,單口,五角開關,無,120.71155607,24.16095152,False,,大里服務所,True,2016/1/1 上午 10:48:17,中山分隊,2026/4/15 下午 03:43:29,中山分隊,14,4,False,0,0,1038
5661,中山分隊,A121,地上,,公,太平區,新興里新興一街與太順路口,單口,五角開關,無,120.71161508,24.16111482,False,,大里服務所,True,,,2026/4/15 下午 03:45:21,中山分隊,17,4,False,0,0,1139
5645,中山分隊,A122,地上,,公,太平區,新興里太順路547號,單口,五角開關,無,120.71233391,24.16091904,False,,大里服務所,True,,,2026/4/15 下午 03:45:53,中山分隊,21,4,False,0,0,843
5686,中山分隊,A123,地上,,公,太平區,新興里太順路525號,單口,五角開關,無,120.71325123,24.16071347,False,,大里服務所,True,,,2026/4/15 下午 03:48:41,中山分隊,18,4,False,0,0,1074
18557,中山分隊,A124,地上,,公,太平區,樹德路327號（大豐環保新安街側）,單口,五角開關,無,120.71315087,24.15993046,False,,大里服務所,True,2019/1/2 上午 11:59:30,中山分隊,2026/4/15 下午 03:51:03,中山分隊,9,4,False,0,0,1104
5662,中山分隊,A125,地上,,公,太平區,新興里新安街30-1號東側圍牆邊,單口,五角開關,無,120.71206584,24.16013355,False,,大里服務所,True,,,2026/4/15 下午 03:52:57,中山分隊,19,4,False,0,0,953
18558,中山分隊,A126,地上,,公,太平區,新高里樹德路與育賢路口（全家對面銷售中心前）,雙口,五角開關,無,120.71310299,24.15909859,False,,大里服務所,True,2019/1/2 下午 12:01:52,中山分隊,2026/6/11 下午 08:51:16,中山分隊,8,4,False,0,0,689
5659,中山分隊,A127,地上,,公,太平區,新高里樹德路388號往北20公尺（101文具天堂對面）,單口,五角開關,無,120.71335447,24.16003315,False,,大里服務所,True,,,2026/6/11 下午 08:51:50,中山分隊,24,5,False,0,0,894
5660,中山分隊,A128,地上,,公,太平區,新高里太順路與樹德路口,單口,五角開關,無,120.71356236,24.16063026,False,,大里服務所,True,,,2026/6/11 下午 08:52:01,中山分隊,16,5,False,0,0,864
18559,中山分隊,A129,地上,,公,太平區,新高里太順路501號,雙口,五角開關,無,120.71416366,24.16050544,False,,大里服務所,True,2019/1/2 下午 12:03:21,中山分隊,2026/6/11 下午 08:52:12,中山分隊,10,5,False,0,0,973
18560,中山分隊,A130,地下,一般式,公,太平區,新高里太順路493號東側20公尺（頡榮公司對面）,單口,五角開關,無,120.71454944,24.16041201,False,1150606依據台水四大里室字第1152602001號，民眾申請地上式消防栓改為地下式消防栓。,大里服務所,True,2019/1/2 下午 12:05:24,中山分隊,2026/6/11 下午 08:52:21,中山分隊,13,5,False,0,0,747
18561,中山分隊,A131,地上,,公,太平區,新高里太順路與立功路口,雙口,五角開關,無,120.71565148,24.16018387,False,,大里服務所,True,2019/1/2 下午 12:07:35,中山分隊,2026/6/11 下午 08:55:24,中山分隊,9,5,False,0,0,891
18562,中山分隊,A132,地上,,公,太平區,新高里太順路389號前（花圃）,雙口,五角開關,無,120.71673391,24.15997478,False,,大里服務所,True,2019/1/2 下午 12:09:22,中山分隊,2026/6/11 下午 08:55:36,中山分隊,8,5,False,0,0,834
18563,中山分隊,A133,地上,,公,太平區,新高里太順路375號西側10公尺（花圃）,雙口,五角開關,無,120.71714612,24.15988117,False,,大里服務所,True,2019/1/2 下午 12:11:49,中山分隊,2026/6/11 下午 08:55:57,中山分隊,9,5,False,0,0,763
18564,中山分隊,A134,地上,,公,太平區,新高里太順路與環中東路口,雙口,五角開關,無,120.71775201,24.1597523,False,,大里服務所,True,2019/1/2 下午 12:13:48,中山分隊,2026/6/11 下午 08:56:07,中山分隊,8,5,False,0,0,758
5647,中山分隊,A135,地下,固鎖式,公,太平區,新高里立行街118號,單口,五角開關,無,120.71404516,24.15987161,False,,大里服務所,True,,,2026/6/11 下午 08:56:27,中山分隊,16,5,False,0,0,792
5650,中山分隊,A136,地下,,公,太平區,新高里立文街292號對面（櫻花青邁）,單口,五角開關,無,120.71472644,24.15967093,False,,大里服務所,True,,,2026/6/11 下午 08:56:38,中山分隊,17,5,False,0,0,618
18565,中山分隊,A137,地下,一般式,公,太平區,新高里立文街268號對面（立文街與立功路口）,單口,五角開關,無,120.71540574,24.15958005,False,,大里服務所,True,2019/1/2 下午 12:32:53,中山分隊,2026/6/11 下午 08:56:50,中山分隊,8,5,False,0,0,819
5649,中山分隊,A138,地下,固鎖式,公,太平區,新高里立文街238號前,單口,五角開關,無,120.71605682,24.15955836,False,,大里服務所,True,,,2026/6/11 下午 08:57:02,中山分隊,18,5,False,0,0,764
16799,中山分隊,A139,地上,,公,太平區,新高里立文街202號,單口,五角開關,無,120.71670591,24.15939195,False,,大里服務所,True,2015/7/3 下午 09:29:10,中山分隊,2026/6/11 下午 08:57:23,中山分隊,14,5,False,0,0,843
5643,中山分隊,A140,地上,,公,太平區,新高里育賢路279號（賀緹酒店）對面,雙口,五角開關,無,120.71589052,24.15886333,False,,大里服務所,True,,,2026/6/11 下午 08:57:41,中山分隊,18,5,False,0,0,917
5644,中山分隊,A141,地下,,公,太平區,新高里育賢路345號（前花圃內）,單口,五角開關,無,120.71438312,24.1589857,False,,大里服務所,True,,,2026/6/11 下午 08:57:51,中山分隊,20,5,False,0,0,849
16797,中山分隊,A142,地上,,公,太平區,新高里育賢路與立行街口（中國信託前）,單口,五角開關,無,120.71374744,24.1589343,False,,大里服務所,True,2015/7/3 下午 09:10:31,中山分隊,2026/6/11 下午 08:58:24,中山分隊,19,5,False,0,0,728
18566,中山分隊,A143,地上,,公,太平區,新高里育賢路與立功路口（全家前）,雙口,五角開關,無,120.71521548,24.15879963,False,,大里服務所,True,2019/1/2 下午 12:35:44,中山分隊,2026/6/11 下午 08:58:38,中山分隊,7,5,False,0,0,637
5642,中山分隊,A144,地上,,公,太平區,新高里育賢路282號（NU PASTA前）,單口,五角開關,無,120.71657963,24.1586612,False,,大里服務所,True,,,2026/6/11 下午 08:58:50,中山分隊,19,5,False,0,0,843
18567,中山分隊,A145,地下,一般式,公,太平區,新高里立智街與立文街口（立智街1號旁）,單口,五角開關,無,120.716262,24.15791693,False,,大里服務所,True,2019/1/2 下午 12:37:04,中山分隊,2026/6/11 下午 08:59:04,中山分隊,8,5,False,0,0,943
5653,中山分隊,A146,地上,,公,太平區,新高里立智街與立功路口,單口,五角開關,無,120.71532189,24.15809537,False,,大里服務所,True,,,2026/6/11 下午 08:59:15,中山分隊,19,5,False,0,0,649
5651,中山分隊,A147,地上,,公,太平區,新高里立智街63號,單口,五角開關,無,120.71453869,24.15803125,False,,大里服務所,True,,,2026/6/11 下午 08:59:28,中山分隊,17,5,False,0,0,942
18568,中山分隊,A148,地下,一般式,公,太平區,新高里立智街與立行街口（立行街39號前）,單口,五角開關,無,120.71368885,24.15813311,False,,大里服務所,True,2019/1/2 下午 12:38:25,中山分隊,2026/6/11 下午 08:59:38,中山分隊,8,5,False,0,0,829
5639,中山分隊,A149,地下,一般式,公,太平區,新高里樹德十二街52號前,單口,五角開關,無,120.71414709,24.15791378,False,,大里服務所,True,,,2026/6/11 下午 08:59:56,中山分隊,15,5,False,0,0,723
5646,中山分隊,A150,地下,一般式,公,太平區,新高里立行街5號,單口,五角開關,無,120.713557,24.15732643,False,,大里服務所,True,,,2026/6/11 下午 09:01:11,中山分隊,15,5,False,0,0,964
18569,中山分隊,A151,地下,,公,太平區,新高里育才路470號旁,雙口,五角開關,無,120.71459874,24.15713945,False,,大里服務所,True,2019/1/2 下午 12:40:43,中山分隊,2026/6/21 上午 08:53:29,中山分隊,9,5,False,0,0,560
5654,中山分隊,A152,地上,,公,太平區,新高里育才路與立功路口（立功路329號對面）,單口,五角開關,無,120.71529051,24.15700558,False,,大里服務所,True,,,2026/6/21 上午 08:53:46,中山分隊,22,5,False,0,0,878
5652,中山分隊,A153,地上,,公,太平區,新高里育才路與立文街口,單口,五角開關,無,120.71635186,24.15703275,False,,大里服務所,True,,,2026/6/21 上午 08:53:58,中山分隊,17,5,False,0,0,861
18570,中山分隊,A154,地上,,公,太平區,新高里立文街15號（晴森牙醫前）,單口,五角開關,無,120.7162084,24.1562652,False,,大里服務所,True,2019/1/2 下午 12:41:33,中山分隊,2026/6/21 上午 08:54:56,中山分隊,10,5,False,0,0,793
18571,中山分隊,A155,地上,,公,太平區,新高里樹德八街115號前,單口,五角開關,無,120.7158491,24.15558013,False,,大里服務所,True,2019/1/2 下午 12:44:07,中山分隊,2026/6/21 上午 08:55:09,中山分隊,9,5,False,0,0,762
5656,中山分隊,A156,地上,,公,太平區,新高里立功路229號對面,單口,五角開關,無,120.71534939,24.15569699,False,,大里服務所,True,,,2026/6/21 上午 08:55:26,中山分隊,21,5,False,0,0,817
18572,中山分隊,A157,地上,,公,太平區,新高里立功路279號,單口,五角開關,無,120.71528262,24.15601714,False,,大里服務所,True,2019/1/2 下午 12:45:53,中山分隊,2026/6/21 上午 08:55:37,中山分隊,8,6,False,0,0,854
18573,中山分隊,A158,地下,一般式,公,太平區,新高里立功路250號,單口,五角開關,無,120.71530666,24.15516679,False,,大里服務所,True,2019/1/2 下午 12:48:00,中山分隊,2026/6/21 上午 08:55:54,中山分隊,9,6,False,0,0,816
5657,中山分隊,A159,地上,,公,太平區,新高里樹德八街110號對面約10公尺,單口,五角開關,無,120.71450114,24.15571119,False,,大里服務所,True,,,2026/6/21 上午 08:56:01,中山分隊,19,6,False,0,0,803
18574,中山分隊,A160,地上,,公,太平區,新高里樹德八街110號對面旁約20公尺,單口,五角開關,無,120.71443085,24.15664763,False,,大里服務所,True,2019/1/2 下午 12:52:20,中山分隊,2026/6/21 上午 08:56:14,中山分隊,8,6,False,0,0,774
5636,中山分隊,A161,地下,一般式,公,太平區,新高里樹德八街與樹德八街80巷口,單口,五角開關,無,120.71378499,24.15570874,False,,大里服務所,True,,,2026/6/21 上午 08:57:29,中山分隊,16,6,False,0,0,843
5637,中山分隊,A162,地上,,公,太平區,新高里樹德路240號旁洗車場,單口,五角開關,無,120.71230173,24.15618353,False,,大里服務所,True,,,2026/6/21 上午 08:57:42,中山分隊,18,6,False,0,0,861
18575,中山分隊,A163,地上,,公,太平區,新高里育才路與樹德路口（藥局旁）,雙口,五角開關,無,120.71268489,24.15739329,False,,大里服務所,True,2019/1/2 下午 12:56:35,中山分隊,2026/6/21 上午 08:57:52,中山分隊,8,6,False,0,0,843
18576,中山分隊,A164,地上,,公,太平區,新光里樹德路251號旁10.5K立牌,雙口,五角開關,無,120.71247957,24.15729435,False,,大里服務所,True,2019/1/2 下午 12:59:03,中山分隊,2026/6/21 上午 09:00:11,中山分隊,8,6,False,0,0,803
5600,中山分隊,A165,地下,一般式,公,太平區,新光里振福路499巷口（振福路與樹德五街口）,單口,五角開關,無,120.71047246,24.15484972,False,,大里服務所,True,,,2026/6/21 上午 09:00:20,中山分隊,17,6,False,0,0,843
18577,中山分隊,A166,地下,一般式,公,太平區,新光里新高路26號旁,單口,五角開關,無,120.70942928,24.15389181,False,,大里服務所,True,2019/1/2 下午 01:00:34,中山分隊,2026/6/21 上午 09:00:36,中山分隊,7,6,False,0,0,917
5610,中山分隊,A167,地下,一般式,公,太平區,新光里新高路23巷33弄口,單口,五角開關,無,120.71038663,24.15350856,False,,大里服務所,True,,,2026/6/21 上午 09:00:57,中山分隊,17,6,False,0,0,867
5611,中山分隊,A168,地下,一般式,公,太平區,新光里新高路102巷口,單口,五角開關,無,120.71044564,24.15288203,False,,大里服務所,True,,,2026/6/21 上午 09:01:19,中山分隊,17,6,False,0,0,834
5631,中山分隊,A169,地下,一般式,公,太平區,新高里樹德路74號前,單口,五角開關,無,120.71112155,24.15175132,False,,大里服務所,True,,,2026/6/21 上午 09:01:30,中山分隊,15,6,False,0,0,817
5630,中山分隊,A170,地下,一般式,公,太平區,新高里立德街10巷口,單口,五角開關,無,120.71172773,24.15148211,False,,大里服務所,True,,,2026/6/21 上午 09:01:45,中山分隊,16,6,False,0,0,772
18578,中山分隊,A171,地下,一般式,公,太平區,新高里立功路29號,單口,五角開關,無,120.71336168,24.15103871,False,,大里服務所,True,2019/1/2 下午 01:02:12,中山分隊,2026/6/21 上午 09:03:16,中山分隊,7,6,False,0,0,846
5655,中山分隊,A172,地下,一般式,公,太平區,新高里立功路115號對面（world gym 對面）,單口,五角開關,無,120.71461915,24.15348898,False,,大里服務所,True,,,2026/6/21 上午 09:03:26,中山分隊,18,6,False,0,0,851
18580,中山分隊,A173,地下,一般式,公,太平區,新高里立功路178號對面,單口,五角開關,無,120.71513382,24.15469619,False,,大里服務所,True,2019/1/2 下午 01:05:24,中山分隊,2026/6/21 上午 09:03:39,中山分隊,8,6,False,0,0,89
5633,中山分隊,A174,地下,一般式,公,太平區,新高里立德街86號（健宏欣園）,單口,五角開關,無,120.71379303,24.15329319,False,,大里服務所,True,,,2026/6/21 上午 09:04:31,中山分隊,18,6,False,0,0,765
5632,中山分隊,A175,地下,固鎖式,公,太平區,新高里立德街與民族街口【好兒美幼稚園前】,單口,五角開關,無,120.71300715,24.15283308,False,,大里服務所,True,,,2026/6/21 上午 09:04:39,中山分隊,18,6,False,0,0,777
5634,中山分隊,A176,地下,一般式,公,太平區,新高里民權街與民族街13巷口,單口,五角開關,無,120.71310102,24.15380225,False,,大里服務所,True,,,2026/6/21 上午 09:04:48,中山分隊,17,6,False,0,0,786
5635,中山分隊,A177,地下,一般式,公,太平區,新高里樹德路98-12號前（德心中醫前）,單口,五角開關,無,120.71176126,24.1538414,False,,大里服務所,True,,,2026/6/21 上午 09:05:02,中山分隊,19,6,False,0,0,793
18581,中山分隊,A178,地下,一般式,公,太平區,新高里樹德路137巷46號,單口,五角開關,無,120.71301689,24.1547465,False,,大里服務所,True,2019/1/2 下午 01:07:16,中山分隊,2026/6/21 上午 09:05:22,中山分隊,8,6,False,0,0,784
18582,中山分隊,A179,地下,,公,太平區,新光里樹德路99巷28弄1號,單口,五角開關,無,120.71089906,24.15344665,False,,大里服務所,True,2019/1/2 下午 01:07:54,中山分隊,2026/6/21 上午 09:05:53,中山分隊,8,6,False,0,0,742
5690,中山分隊,A180,地下,一般式,公,太平區,新光里樹德路97-2號前,單口,五角開關,無,120.71141123,24.15312187,False,,大里服務所,True,,,2026/6/21 上午 09:06:03,中山分隊,20,6,False,0,0,769
5986,中山分隊,A181,地下,一般式,公,太平區,新高里市民大道一段563號前,單口,五角開關,無,120.71154266,24.14936874,False,,大里服務所,True,,,2026/6/21 上午 09:13:42,中山分隊,17,6,False,0,0,837
5788,中山分隊,A182,地下,一般式,公,太平區,新高里市民大道一段580-1號對面（金寶蛋行旁近路口）,單口,五角開關,無,120.71177601,24.1483616,False,,大里服務所,True,,,2026/6/21 上午 09:13:29,中山分隊,21,6,False,0,0,768
16755,中山分隊,A183,地下,一般式,公,太平區,新高里市民大道一段391號（慈惠堂旁）,單口,五角開關,無,120.71209251,24.14656268,False,,大里服務所,True,2015/6/30 上午 12:51:22,中山分隊,2026/6/21 上午 09:13:18,中山分隊,17,6,False,0,0,754
18583,中山分隊,A184,地下,一般式,公,太平區,新高里市民大道一段與環中東路口（人行道上）,單口,五角開關,無,120.71237617,24.14555302,False,,大里服務所,True,2019/1/2 下午 01:08:44,中山分隊,2026/6/21 上午 09:13:07,中山分隊,7,6,False,0,0,767
16756,中山分隊,A185,地下,固鎖式,公,太平區,新高里市民大道一段馬卡龍公園（編號040路邊停車格旁）,單口,五角開關,無,120.71225345,24.14679765,False,,大里服務所,True,2015/6/30 上午 12:52:03,中山分隊,2026/6/21 上午 09:12:32,中山分隊,17,6,False,0,0,837
19787,中山分隊,A186,地下,一般式,公,太平區,新高里環中東路四段71號,單口,五角開關,無,120.7138622,24.14739977,False,,大里服務所,True,2019/10/21 下午 10:44:54,中山分隊,2026/6/21 上午 09:12:22,中山分隊,7,6,False,0,0,848
5987,中山分隊,A187,地下,一般式,公,太平區,新高里市民大道一段580-1號,單口,五角開關,無,120.71191549,24.14837873,False,,大里服務所,True,,,2026/6/21 上午 09:12:03,中山分隊,19,7,False,0,0,873
5985,中山分隊,A188,地下,一般式,公,太平區,新高里市民大道一段和市民大道一段620巷口,單口,五角開關,無,120.71162179,24.14937608,False,,大里服務所,True,,,2026/6/21 上午 09:11:42,中山分隊,19,7,False,0,0,878
18584,中山分隊,A189,地上,,公,太平區,新坪里育賢路221號對面,雙口,五角開關,無,120.71843556,24.15824212,False,,大里服務所,True,2019/1/2 下午 01:20:16,中山分隊,2026/6/21 上午 09:11:29,中山分隊,8,7,False,0,0,917
18585,中山分隊,A190,地上,,公,太平區,新坪里育賢路230號旁（自助餐對面）,雙口,五角開關,無,120.71969552,24.15798862,False,,大里服務所,True,2019/1/2 下午 01:21:46,中山分隊,2026/6/21 上午 09:10:52,中山分隊,9,7,False,0,0,989
5698,中山分隊,A191,地上,,公,太平區,新坪里樹孝路與育賢路口（7-11前）,單口,五角開關,無,120.72036042,24.15782446,False,,大里服務所,True,,,2026/6/21 上午 09:10:40,中山分隊,20,7,False,0,0,973
5722,中山分隊,A192,地上,,公,太平區,新坪里育賢路166號前,雙口,五角開關,無,120.72125494,24.15763479,False,,大里服務所,True,,,2026/6/21 上午 09:10:30,中山分隊,19,7,False,0,0,993
5717,中山分隊,A193,地上,,公,太平區,新坪里育德路26巷39號對面,單口,五角開關,無,120.72097063,24.15705722,False,,大里服務所,True,,,2026/6/21 上午 09:10:18,中山分隊,19,7,False,0,0,861
5725,中山分隊,A194,地下,一般式,公,太平區,新坪里育德路25巷2號前,單口,五角開關,無,120.72231441,24.1567562,False,,大里服務所,True,,,2026/6/21 上午 09:10:09,中山分隊,23,7,False,0,0,832
5724,中山分隊,A195,地下,一般式,公,太平區,新坪里育德路與育賢路口,單口,五角開關,無,120.72245255,24.15741086,False,,大里服務所,True,,,2026/6/21 上午 09:09:32,中山分隊,21,7,False,0,0,837
5719,中山分隊,A196,地上,,公,太平區,新坪里育賢路31-6號對面,單口,五角開關,無,120.72419329,24.15735862,False,,大里服務所,True,,,2026/6/21 上午 09:09:17,中山分隊,19,7,False,0,0,937
5718,中山分隊,A197,地上,,公,太平區,新坪里育賢路3號,雙口,五角開關,無,120.72475656,24.15769023,False,,大里服務所,True,,,2026/6/21 上午 09:09:00,中山分隊,21,7,False,0,0,681
18586,中山分隊,A198,地上,,公,太平區,新坪里太和路一段63號（富邦前）,單口,五角開關,無,120.72478445,24.15857976,False,,大里服務所,True,2019/1/2 下午 01:25:29,中山分隊,2026/6/21 上午 09:08:47,中山分隊,8,7,False,0,0,637
5735,中山分隊,A199,地下,,公,太平區,新坪里太和路1段與太順路口西側（富邦對面）,單口,五角開關,無,120.72482423,24.15856727,False,,大里服務所,True,,,2026/6/21 上午 09:08:31,中山分隊,24,7,False,0,0,679
5733,中山分隊,A201,地上,,公,太平區,新坪里太順路7號,單口,五角開關,無,120.72751856,24.15960095,False,,大里服務所,True,,,2026/6/21 上午 09:14:02,中山分隊,20,7,False,0,0,830
5670,中山分隊,A202,地上,,公,太平區,新坪里太和路1段與太順路口東側（全家對面）,單口,五角開關,無,120.72490006,24.15865936,False,,大里服務所,True,,,2025/3/31 上午 12:04:08,good055096,19,7,False,0,0,0
18587,中山分隊,A203,地上,,公,太平區,新坪里育德路6號旁,單口,五角開關,無,120.72259131,24.15855981,False,,大里服務所,True,2019/1/2 下午 01:26:41,中山分隊,2025/3/31 上午 12:04:30,good055096,7,7,False,0,0,0
18588,中山分隊,A204,地上,,公,太平區,新坪里育誠街138巷口,單口,五角開關,無,120.721444,24.15822255,False,,大里服務所,True,2019/1/2 下午 01:28:42,中山分隊,2025/3/31 上午 12:04:46,good055096,7,7,False,0,0,0
18589,中山分隊,A205,地上,,公,太平區,新坪里育德路7-1號（育誠街與育德路口）,單口,五角開關,無,120.72256338,24.15799478,False,,大里服務所,True,2019/1/2 下午 01:31:19,中山分隊,2025/3/31 上午 12:04:58,good055096,7,7,False,0,0,0
5723,中山分隊,A206,地下,固鎖式,公,太平區,新坪里育誠街18號,單口,五角開關,無,120.72344899,24.15785994,False,,大里服務所,True,,,2025/3/31 上午 12:05:19,good055096,18,7,False,0,0,0
5720,中山分隊,A207,地上,,公,太平區,新坪里育賢路51號,雙口,五角開關,無,120.72332292,24.15728727,False,,大里服務所,True,,,2025/3/31 上午 12:05:38,good055096,18,7,False,0,0,0
5721,中山分隊,A208,地上,,公,太平區,新坪里育賢路83號,雙口,五角開關,無,120.7223761,24.15751365,False,,大里服務所,True,,,2025/3/31 上午 12:05:58,good055096,20,7,False,0,0,0
17185,中山分隊,A209,地上,,公,太平區,新坪里樹孝路500號與育賢路口（7-11對面）,雙口,五角開關,無,120.72039127,24.15794626,False,,大里服務所,True,2016/1/1 上午 10:50:12,中山分隊,2025/3/31 上午 12:06:11,good055096,14,7,False,0,0,0
5641,中山分隊,A210,地上,,公,太平區,新坪里育賢路與建和路口（永慶不動產）,雙口,五角開關,無,120.71899652,24.1582356,False,,大里服務所,True,,,2025/3/31 上午 12:06:25,good055096,18,7,False,0,0,0
18590,中山分隊,A211,地下,一般式,公,太平區,新坪里太順路323號旁（太順路與建和路口）,單口,五角開關,無,120.71918184,24.15933232,False,,大里服務所,True,2019/1/2 下午 01:33:05,中山分隊,2025/3/31 上午 12:06:38,good055096,7,7,False,0,0,0
5834,中山分隊,A212,地上,,公,太平區,宜昌里宜昌路與中山路三段口西側（土銀）,雙口,五角開關,無,120.71590796,24.14878991,False,,大里服務所,True,,,2025/3/31 上午 12:07:04,good055096,17,7,False,0,0,0
5833,中山分隊,A213,地上,,公,太平區,宜昌里宜昌路與中山路三段口東側（紅茶冰）,雙口,五角開關,無,120.71603,24.14873851,False,,大里服務所,True,,,2025/3/31 上午 12:07:13,good055096,21,7,False,0,0,0
5691,中山分隊,A214,地上,,公,太平區,新城里樹孝路與中山路三段口（停車場對面）,雙口,五角開關,無,120.71607157,24.14891267,False,,大里服務所,True,,,2025/3/31 上午 12:07:26,good055096,18,7,False,0,0,0
5692,中山分隊,A215,地上,,公,太平區,新城里樹孝路8-1號前,雙口,五角開關,無,120.71637868,24.15008339,False,,大里服務所,True,,,2025/3/31 上午 12:07:37,good055096,16,7,False,0,0,0
5693,中山分隊,A216,地上,,公,太平區,新城里樹孝路76-1號前,雙口,五角開關,無,120.7169795,24.15145274,False,,大里服務所,True,,,2025/3/31 上午 12:07:51,good055096,16,7,False,0,0,0
5694,中山分隊,A217,地上,,公,太平區,新城里樹孝路168-9號前,雙口,五角開關,無,120.71759104,24.15250757,False,,大里服務所,True,,,2025/3/31 上午 12:08:13,good055096,15,8,False,0,0,0
5695,中山分隊,A218,地上,,公,太平區,新城里樹孝路232號右側,雙口,五角開關,無,120.71832597,24.15360646,False,,大里服務所,True,,,2025/3/31 上午 12:08:29,good055096,16,8,False,0,0,0
5696,中山分隊,A219,地上,,公,太平區,新城里樹孝路332-1號前,雙口,五角開關,無,120.71917891,24.15494027,False,,大里服務所,True,,,2025/3/31 上午 12:08:44,good055096,19,8,False,0,0,0
5697,中山分隊,A220,地上,,公,太平區,新城里樹孝路與育才路口,雙口,五角開關,無,120.71992188,24.15621779,False,,大里服務所,True,,,2025/3/31 上午 12:08:59,good055096,19,8,False,0,0,0
5699,中山分隊,A221,地上,,公,太平區,新城里樹孝路409號（寶雅前）,單口,五角開關,無,120.71986958,24.1564148,False,,大里服務所,True,,,2025/3/31 上午 12:09:21,good055096,22,8,False,0,0,0
5700,中山分隊,A222,地上,,公,太平區,新城里樹孝路297號前,雙口,五角開關,無,120.71839034,24.15391972,False,,大里服務所,True,,,2024/9/28 下午 05:41:59,中山分隊,15,8,False,0,0,0
5726,中山分隊,A223,地下,,公,太平區,新城里育才路152號,單口,五角開關,無,120.71904748,24.15657265,False,,大里服務所,True,,,2025/3/31 上午 12:09:55,good055096,23,8,False,0,0,0
5701,中山分隊,A224,地上,,公,太平區,新城里樹孝路115巷口,雙口,五角開關,無,120.71756958,24.15268623,False,,大里服務所,True,,,2025/3/31 上午 12:10:08,good055096,19,8,False,0,0,0
5702,中山分隊,A225,地上,,公,太平區,新城里樹孝路53號前,雙口,五角開關,無,120.71653962,24.15096815,False,,大里服務所,True,,,2025/3/31 上午 12:10:22,good055096,16,8,False,0,0,0
5703,中山分隊,A226,地上,,公,太平區,新城里樹孝路39-12號前,雙口,五角開關,無,120.71635723,24.15045663,False,,大里服務所,True,,,2025/3/31 上午 12:10:36,good055096,19,8,False,0,0,0
5704,中山分隊,A227,地上,,公,太平區,新城里樹孝路新平停車場前,雙口,五角開關,無,120.71598708,24.1490934,False,,大里服務所,True,,,2025/3/31 上午 12:10:49,good055096,18,8,False,0,0,0
18591,中山分隊,A228,地上,,公,太平區,宜昌里中山路三段39號（振宇五金）,雙口,五角開關,無,120.71969868,24.14890031,False,,大里服務所,True,2019/1/2 下午 09:54:10,中山分隊,2025/3/31 上午 12:11:00,good055096,7,8,False,0,0,0
5705,中山分隊,A229,地上,,公,太平區,新吉里中山路三段與新明街口（遠傳）,雙口,五角開關,無,120.71826293,24.14892539,False,,大里服務所,True,,,2025/3/31 上午 12:11:13,good055096,21,8,False,0,0,0
5708,中山分隊,A230,地下,一般式,公,太平區,新吉里新明街和新明街88巷口,單口,五角開關,無,120.71825218,24.15062728,False,,大里服務所,True,,,2025/3/31 上午 12:11:28,good055096,22,8,False,0,0,0
5706,中山分隊,A231,地下,一般式,公,太平區,新吉里新平路三段53號前,單口,五角開關,無,120.71971266,24.14991011,False,,大里服務所,True,,,2025/3/31 上午 12:11:41,good055096,21,8,False,0,0,0
5707,中山分隊,A232,地下,一般式,公,太平區,新吉里新平路三段69巷36弄12號,單口,五角開關,無,120.71971401,24.1510335,False,,大里服務所,True,,,2025/3/31 上午 12:11:54,good055096,17,8,False,0,0,0
5709,中山分隊,A233,地下,一般式,公,太平區,新吉路54巷口,單口,五角開關,無,120.71969116,24.1516988,False,,大里服務所,True,,,2025/3/31 上午 12:12:07,good055096,18,8,False,0,0,0
5713,中山分隊,A234,地下,一般式,公,太平區,新吉里樹孝路274巷8弄25號,單口,五角開關,無,120.71843139,24.15276506,False,,大里服務所,True,,,2025/3/31 上午 12:12:23,good055096,21,8,False,0,0,0
5710,中山分隊,A235,地下,一般式,公,太平區,新吉里新吉路54巷21弄口,單口,五角開關,無,120.71984007,24.15261686,False,,大里服務所,True,,,2025/3/31 上午 12:12:36,good055096,18,8,False,0,0,0
5714,中山分隊,A236,地上,,公,太平區,新吉里樹孝路274巷9弄35號對面,單口,五角開關,無,120.7196094,24.15457195,False,,大里服務所,True,,,2025/3/31 上午 12:12:51,good055096,19,8,False,0,0,0
5715,中山分隊,A237,地上,,公,太平區,新坪里樹孝路336巷7弄37號對面,單口,五角開關,無,120.72011834,24.15548445,False,,大里服務所,True,,,2025/3/31 上午 12:13:04,good055096,20,8,False,0,0,0
5716,中山分隊,A238,地上,,公,太平區,新坪里育才路118巷口,單口,五角開關,無,120.72052672,24.15625205,False,,大里服務所,True,,,2025/3/31 上午 12:13:18,good055096,19,8,False,0,0,0
5727,中山分隊,A239,地下,一般式,公,太平區,新城里育才路66號前,單口,五角開關,無,120.72210922,24.15592705,False,,大里服務所,True,,,2025/3/31 上午 12:13:32,good055096,21,8,False,0,0,0
21602,中山分隊,A240,地下,一般式,公,太平區,育仁路135號旁（新平路三段269巷）,單口,五角開關,無,120.722179,24.154279,False,,大里服務所,True,2024/6/27 上午 10:04:12,中山分隊,2025/4/21 上午 11:33:34,中山分隊,8,8,False,0,0,0
5749,中山分隊,A241,地下,一般式,公,太平區,新吉里育仁路181巷口,單口,五角開關,無,120.72167873,24.1533463,False,,大里服務所,True,,,2025/3/31 上午 12:14:16,good055096,20,8,False,0,0,0
5712,中山分隊,A242,地上,,公,太平區,新坪里育德路157號前,單口,五角開關,無,120.72104573,24.15379246,False,,大里服務所,True,,,2025/3/31 上午 12:14:30,good055096,18,8,False,0,0,0
5711,中山分隊,A243,地下,一般式,公,太平區,新吉里育德路211號,單口,五角開關,無,120.72042346,24.15281839,False,,大里服務所,True,,,2025/3/31 上午 12:14:49,good055096,18,8,False,0,0,0
5748,中山分隊,A244,地下,一般式,公,太平區,新吉里新平路三段與新吉路口,單口,五角開關,無,120.72102963,24.15196634,False,,大里服務所,True,,,2025/3/31 上午 12:15:02,good055096,20,8,False,0,0,0
5746,中山分隊,A245,地下,一般式,公,太平區,新吉里新平路三段153號前,單口,五角開關,無,120.72108328,24.15148627,False,,大里服務所,True,,,2025/3/31 上午 12:15:15,good055096,20,8,False,0,0,0
5741,中山分隊,A246,地下,一般式,公,太平區,新吉里新平路三段210巷口守望相助隊旁,單口,五角開關,無,120.7226993,24.15253194,False,,大里服務所,True,,,2025/3/31 上午 12:15:32,good055096,22,8,False,0,0,0
5742,中山分隊,A247,地下,一般式,公,太平區,新吉里新平路三段210巷25號前,單口,五角開關,無,120.72377622,24.1525296,False,,大里服務所,True,,,2025/3/31 上午 12:15:43,good055096,18,8,False,0,0,0
5739,中山分隊,A248,地下,一般式,公,太平區,新坪里新平路三段346巷22弄口,單口,五角開關,無,120.72499394,24.15489867,False,,大里服務所,True,,,2025/3/31 上午 12:16:10,good055096,19,9,False,0,0,0
5738,中山分隊,A249,地下,一般式,公,太平區,新坪里新平路三段346巷25弄尾,單口,五角開關,無,120.72603463,24.15529919,False,,大里服務所,True,,,2025/3/31 上午 12:16:24,good055096,19,9,False,0,0,0
5737,中山分隊,A250,地下,一般式,公,太平區,新坪里太和路一段和太和路一段2巷口,單口,五角開關,無,120.72622909,24.15680553,False,,大里服務所,True,,,2025/3/31 上午 12:16:36,good055096,22,9,False,0,0,0
18592,中山分隊,A251,地下,一般式,公,太平區,新坪里新平路三段421號旁,單口,五角開關,無,120.72622686,24.15678781,False,,大里服務所,True,2019/1/2 下午 09:55:53,中山分隊,2025/3/31 上午 12:16:50,good055096,9,9,False,0,0,0
5732,中山分隊,A252,地上,,公,太平區,新坪里新平路三段403巷5弄口,單口,五角開關,無,120.72513341,24.15696912,False,,大里服務所,True,,,2025/3/31 上午 12:17:11,good055096,18,9,False,0,0,0
5728,中山分隊,A253,地下,一般式,公,太平區,新坪里新平路三段367巷口,單口,五角開關,無,120.72459563,24.15567792,False,,大里服務所,True,,,2025/3/31 上午 12:17:29,good055096,20,9,False,0,0,0
5729,中山分隊,A254,地下,,公,太平區,新坪里新平路三段367巷6弄口,單口,五角開關,無,120.72426438,24.15631324,False,,大里服務所,True,,,2025/3/31 上午 12:17:41,good055096,21,9,False,0,0,0
5740,中山分隊,A255,地下,一般式,公,太平區,新坪里新平路三段281號前,單口,五角開關,無,120.72353548,24.15410427,False,,大里服務所,True,,,2025/3/31 上午 12:17:54,good055096,19,9,False,0,0,0
5747,中山分隊,A256,地下,一般式,公,太平區,新吉里新平路三段160巷25號,單口,五角開關,無,120.72267115,24.15165343,False,,大里服務所,True,,,2025/3/31 上午 12:18:12,good055096,18,9,False,0,0,0
5743,中山分隊,A257,地下,一般式,公,太平區,新吉里新英街37號前（與新平路三段160巷口）,單口,五角開關,無,120.72306811,24.15142826,False,,大里服務所,True,,,2025/3/31 上午 12:19:01,good055096,19,9,False,0,0,0
5744,中山分隊,A258,地下,一般式,公,太平區,新吉里中山路三段2巷20弄口,單口,五角開關,無,120.72230637,24.15048845,False,,大里服務所,True,,,2025/3/31 上午 12:19:29,good055096,18,9,False,0,0,0
5745,中山分隊,A259,地上,,公,太平區,新吉里中山路三段2之1號（二巷與六巷中間） OK前,雙口,五角開關,無,120.72225809,24.14934304,False,,大里服務所,True,,,2025/3/31 上午 12:19:45,good055096,20,9,False,0,0,0
5858,中山分隊,A260,地下,固鎖式,公,太平區,宜昌里中山路三段1巷口,單口,四角開關,無,120.72187721,24.14919129,False,,大里服務所,True,,,2025/3/31 上午 12:19:56,good055096,18,9,False,0,0,0
5857,中山分隊,A261,地下,一般式,公,太平區,宜昌里中山路三段19巷和19巷40弄口,單口,五角開關,無,120.72084389,24.1478309,False,,大里服務所,True,,,2025/3/31 上午 12:20:13,good055096,17,9,False,0,0,0
18593,中山分隊,A262,地下,,公,太平區,宜昌里中山路三段19巷40弄14號,單口,五角開關,無,120.72027407,24.14750326,False,,大里服務所,True,2019/1/2 下午 09:58:01,中山分隊,2025/3/31 上午 12:20:29,good055096,8,9,False,0,0,0
5856,中山分隊,A263,地下,固鎖式,公,太平區,宜昌里富宜路190巷10號右側巷口,單口,五角開關,無,120.71988701,24.14682702,False,,大里服務所,True,,,2025/3/31 上午 12:20:39,good055096,17,9,False,0,0,0
5854,中山分隊,A264,地下,一般式,公,太平區,宜昌里富宜路192號前,單口,五角開關,無,120.71930229,24.14688086,False,,大里服務所,True,,,2025/3/31 上午 12:20:51,good055096,17,9,False,0,0,0
5853,中山分隊,A265,地下,固鎖式,公,太平區,宜昌里富宜路195號右側,單口,五角開關,無,120.71893482,24.14692312,False,,大里服務所,True,,,2025/3/31 上午 12:21:10,good055096,17,9,False,0,0,0
5852,中山分隊,A266,地下,一般式,公,太平區,宜昌里富宜路246號右側,單口,五角開關,無,120.7187223,24.14808676,False,,大里服務所,True,,,2025/3/31 上午 12:21:23,good055096,17,9,False,0,0,0
5851,中山分隊,A267,地下,一般式,公,太平區,宜昌里中山路三段81巷30號前,單口,五角開關,無,120.71732282,24.14812909,False,,大里服務所,True,,,2025/3/31 上午 12:21:35,good055096,17,9,False,0,0,0
5850,中山分隊,A268,地下,固鎖式,公,太平區,宜昌里中山路三段67巷60弄9號前【樂后宮】,單口,五角開關,無,120.71733891,24.14715009,False,,大里服務所,True,,,2025/3/31 上午 12:21:46,good055096,17,9,False,0,0,0
5849,中山分隊,A269,地下,一般式,公,太平區,宜欣里宜欣一街18號前,單口,五角開關,無,120.71598172,24.14636199,False,,大里服務所,True,,,2025/3/31 上午 12:21:58,good055096,17,9,False,0,0,0
5848,中山分隊,A270,地下,一般式,公,太平區,宜欣里宜欣二路與宜欣一街口,單口,五角開關,無,120.71650879,24.1463991,False,,大里服務所,True,,,2025/3/31 上午 12:22:11,good055096,15,9,False,0,0,0
5847,中山分隊,A271,地下,一般式,公,太平區,宜欣里宜欣二路與宜欣四街口,單口,五角開關,無,120.71648061,24.14528018,False,,大里服務所,True,,,2025/3/31 上午 12:22:32,good055096,17,9,False,0,0,0
5846,中山分隊,A272,地下,一般式,公,太平區,宜欣里宜欣二路與宜欣七街口,單口,五角開關,無,120.71647524,24.14410045,False,,大里服務所,True,,,2025/3/31 上午 12:23:47,good055096,17,9,False,0,0,0
5841,中山分隊,A273,地下,固鎖式,公,太平區,宜欣里宜欣一路與宜欣七街口,單口,五角開關,無,120.71566522,24.14409066,False,,大里服務所,True,,,2025/3/31 上午 12:24:03,good055096,15,9,False,0,0,0
5840,中山分隊,A274,地下,固鎖式,公,太平區,宜欣里宜欣一路與宜欣六街口,單口,五角開關,無,120.71564912,24.1444578,False,,大里服務所,True,,,2025/3/31 上午 12:24:22,good055096,16,9,False,0,0,0
5839,中山分隊,A275,地下,一般式,公,太平區,宜欣里宜欣一路與宜欣五街口,單口,四角開關,無,120.71564912,24.14490325,False,,大里服務所,True,,,2025/3/31 上午 12:24:33,good055096,16,9,False,0,0,0
5838,中山分隊,A276,地下,一般式,公,太平區,宜欣里宜欣一路與宜欣三街口,單口,五角開關,無,120.71565449,24.14563752,False,,大里服務所,True,,,2025/3/31 上午 12:24:49,good055096,17,10,False,0,0,0
5837,中山分隊,A277,地下,一般式,公,太平區,宜欣里宜欣一路與宜欣一街口,單口,五角開關,無,120.715644,24.1463812,False,,大里服務所,True,,,2025/3/31 上午 12:25:06,good055096,15,10,False,0,0,0
5832,中山分隊,A278,地上,,公,太平區,宜昌里宜昌路512號前,雙口,五角開關,無,120.71506599,24.1467219,False,,大里服務所,True,,,2025/3/31 上午 12:25:17,good055096,15,10,False,0,0,0
5835,中山分隊,A279,地下,一般式,公,太平區,宜昌里宜昌路467號前,單口,五角開關,無,120.71497857,24.14672911,False,,大里服務所,True,,,2025/3/31 上午 12:25:29,good055096,15,10,False,0,0,0
5836,中山分隊,A280,地下,固鎖式,公,太平區,宜昌里宜昌路465巷口（三角開關）,單口,五角開關,無,120.71487531,24.14661408,False,,大里服務所,True,,,2025/3/31 上午 12:25:48,good055096,16,10,False,0,0,0
5831,中山分隊,A281,地下,一般式,公,太平區,宜昌里新平路二段與宜昌路口【賢德醫院旁】,單口,五角開關,無,120.71392983,24.1450085,False,,大里服務所,True,,,2025/3/31 上午 12:25:58,good055096,17,10,False,0,0,0
5830,中山分隊,A282,地下,一般式,公,太平區,宜昌里新平路二段與宜安街口,單口,五角開關,無,120.71435093,24.14422773,False,,大里服務所,True,,,2025/3/31 上午 12:26:14,good055096,18,10,False,0,0,0
5829,中山分隊,A283,地下,一般式,公,太平區,宜昌里新平路二段與宜文街口,單口,五角開關,有,120.71443676,24.1434445,False,,大里服務所,True,,,2025/3/31 上午 12:26:32,good055096,18,10,False,0,0,0
5828,中山分隊,A284,地下,一般式,公,太平區,宜昌里宜文街21號對面,單口,五角開關,無,120.71320831,24.14345674,False,,大里服務所,True,,,2025/3/31 上午 12:26:44,good055096,19,10,False,0,0,0
18594,中山分隊,A285,地下,一般式,公,太平區,宜佳里新平路二段327號,單口,五角開關,無,120.71448697,24.14290723,False,,大里服務所,True,2019/1/2 下午 09:59:48,中山分隊,2025/3/31 上午 12:27:02,good055096,8,10,False,0,0,0
5813,中山分隊,A286,地下,一般式,公,太平區,宜佳里新平路二段249號,單口,五角開關,無,120.71464061,24.14152559,False,,大里服務所,True,,,2025/3/31 上午 12:27:17,good055096,19,10,False,0,0,0
18595,中山分隊,A287,地下,一般式,公,太平區,宜佳里溪洲西路22號前,單口,五角開關,無,120.71395113,24.14141367,False,,大里服務所,True,2019/1/2 下午 10:00:55,中山分隊,2025/3/31 上午 12:27:29,good055096,8,10,False,0,0,0
18596,中山分隊,A288,地下,,公,太平區,宜佳里溪洲西路54號前,單口,五角開關,無,120.71334622,24.14129024,False,,大里服務所,True,2019/1/2 下午 10:02:18,中山分隊,2025/3/31 上午 12:27:46,good055096,8,10,False,0,0,0
18597,中山分隊,A289,地下,一般式,公,太平區,宜佳里溪洲西路135號前,單口,五角開關,無,120.71109633,24.14083752,False,,大里服務所,True,2019/1/2 下午 10:03:38,中山分隊,2025/3/31 上午 12:28:00,good055096,8,10,False,0,0,0
18598,中山分隊,A290,地下,一般式,公,太平區,宜佳里溪洲西路與宜昌路口,單口,五角開關,無,120.71205654,24.14100219,False,,大里服務所,True,2019/1/2 下午 10:05:04,中山分隊,2025/3/31 上午 12:28:17,good055096,8,10,False,0,0,0
5827,中山分隊,A291,地下,固鎖式,公,太平區,宜佳里溪洲西路102號對面,單口,五角開關,無,120.71273624,24.1411462,False,,大里服務所,True,,,2025/3/31 上午 12:28:38,good055096,19,10,False,0,0,0
5843,中山分隊,A292,地下,一般式,公,太平區,宜欣里宜欣十街12巷14號,單口,五角開關,無,120.71495175,24.14257806,False,,大里服務所,True,,,2025/3/31 上午 12:28:56,good055096,16,10,False,0,0,0
5842,中山分隊,A293,地下,一般式,公,太平區,宜欣里宜欣一路與宜欣十街口,單口,四角開關,無,120.71568667,24.14318995,False,,大里服務所,True,,,2025/3/31 上午 12:29:07,good055096,17,10,False,0,0,0
5812,中山分隊,A294,地下,一般式,公,太平區,宜欣里宜欣一路與溪洲路口,單口,五角開關,無,120.71560084,24.14169692,False,,大里服務所,True,,,2025/3/31 上午 12:29:23,good055096,17,10,False,0,0,0
5844,中山分隊,A295,地下,一般式,公,太平區,宜欣里宜欣二路146號前,單口,五角開關,無,120.71641623,24.14279344,False,,大里服務所,True,,,2025/3/31 上午 12:29:43,good055096,16,10,False,0,0,0
5811,中山分隊,A296,地下,一般式,公,太平區,宜欣里富宜路與溪洲路口,單口,五角開關,無,120.7167381,24.1419221,False,,大里服務所,True,,,2025/3/31 上午 12:30:06,good055096,17,10,False,0,0,0
5845,中山分隊,A297,地下,一般式,公,太平區,宜欣里富宜路53號前,單口,五角開關,無,120.71773052,24.14378716,False,,大里服務所,True,,,2025/3/31 上午 12:30:18,good055096,16,10,False,0,0,0
5855,中山分隊,A298,地下,一般式,公,太平區,宜欣里富宜路146巷口,單口,五角開關,無,120.71922719,24.1458529,False,,大里服務所,True,,,2025/3/31 上午 12:30:31,good055096,17,10,False,0,0,0
5805,中山分隊,A299,地下,一般式,公,太平區,宜欣里宜昌東路178巷20號,單口,五角開關,無,120.72085797,24.14599975,False,,大里服務所,True,,,2025/3/31 上午 12:30:45,good055096,16,10,False,0,0,0
18599,中山分隊,A300,地下,一般式,公,太平區,宜欣里宜昌東路182號對面,單口,五角開關,無,120.72017133,24.14598796,False,,大里服務所,True,2019/1/2 下午 10:06:01,中山分隊,2025/3/31 上午 12:31:02,good055096,8,10,False,0,0,0
5806,中山分隊,A301,地下,固鎖式,公,太平區,宜欣里宜昌東路111巷2號,單口,五角開關,無,120.71943104,24.14476129,False,,大里服務所,True,,,2025/3/31 上午 12:32:50,good055096,16,10,False,0,0,0
5807,中山分隊,A302,地下,固鎖式,公,太平區,宜欣里宜昌東路148號,單口,五角開關,無,120.71962952,24.14416899,False,,大里服務所,True,,,2025/3/31 上午 12:32:21,good055096,17,10,False,0,0,0
5808,中山分隊,A303,地下,一般式,公,太平區,宜欣里宜昌東路與溪洲路口,單口,五角開關,無,120.71903944,24.14240183,False,,大里服務所,True,,,2025/3/31 上午 12:33:14,good055096,18,10,False,0,0,0
18600,中山分隊,A304,地下,一般式,公,太平區,宜欣里溪洲路130巷3弄12號前（巷底）,單口,五角開關,無,120.72069547,24.14111817,False,,大里服務所,True,2019/1/2 下午 10:07:31,中山分隊,2025/3/31 上午 12:33:32,good055096,8,10,False,0,0,0
5914,中山分隊,A305,地下,固鎖式,公,太平區,豐年里大源十八街32號前,單口,五角開關,無,120.72317272,24.14223294,False,出水量 56.94 m?／h 淞盛工程有限公司,大里服務所,True,,,2026/6/30 上午 11:30:17,中山分隊,16,99,False,0,0,1066
5920,中山分隊,A306,地上,,公,太平區,豐年里環太東路與大源32街口,雙口,五角開關,無,120.72189867,24.14003253,False,,大里服務所,True,,,2025/3/31 上午 12:34:10,good055096,17,10,False,0,0,0
18235,中山分隊,A307,地下,一般式,公,太平區,中山里環太東路222號旁小公園前人行道（福德公園公車站牌）,單口,五角開關,無,120.72426974,24.14844726,False,,大里服務所,True,2018/2/5 上午 08:32:49,中山分隊,2025/3/31 上午 12:34:24,good055096,11,11,False,0,0,0
5907,中山分隊,A308,地下,一般式,公,太平區,中山里中山路二段539號前【機車行前】,單口,五角開關,無,120.72487056,24.14957799,False,,大里服務所,True,,,2025/3/31 上午 12:34:36,good055096,16,11,False,0,0,0
5908,中山分隊,A309,地下,一般式,公,太平區,中山里中山路二段541巷5弄口,單口,五角開關,無,120.72462379,24.14866264,False,,大里服務所,True,,,2025/3/31 上午 12:34:46,good055096,17,11,False,0,0,0
5910,中山分隊,A310,地下,一般式,公,太平區,中山里中山路二段499巷62號旁,單口,五角開關,無,120.7254821,24.14843747,False,,大里服務所,True,,,2025/3/31 上午 12:35:09,good055096,15,11,False,0,0,0
5909,中山分隊,A311,地下,一般式,公,太平區,中山里中山路二段499巷26號前,單口,五角開關,無,120.72572886,24.14904934,False,,大里服務所,True,,,2025/3/31 上午 12:35:27,good055096,15,11,False,0,0,0
5943,中山分隊,A312,地下,固鎖式,公,太平區,中山里中山路二段477巷36號,單口,五角開關,無,120.7270056,24.14904934,False,,大里服務所,True,,,2025/3/31 上午 12:35:45,good055096,14,11,False,0,0,0
5946,中山分隊,A313,地下,固鎖式,公,太平區,中山里中山路二段477巷82弄口,單口,五角開關,無,120.72750985,24.14762001,False,,大里服務所,True,,,2025/3/31 上午 12:35:59,good055096,15,11,False,0,0,0
5945,中山分隊,A314,地下,一般式,公,太平區,中山里中山路二段477巷138號左側,單口,五角開關,無,120.72750717,24.14683925,False,,大里服務所,True,,,2025/3/31 上午 12:36:09,good055096,15,11,False,0,0,0
18601,中山分隊,A315,地下,一般式,公,太平區,中山里中山路二段477巷116弄25號前,單口,五角開關,無,120.72692565,24.1466223,False,,大里服務所,True,2019/1/2 下午 10:09:28,中山分隊,2025/3/31 上午 12:36:24,good055096,8,11,False,0,0,0
5940,中山分隊,A316,地下,一般式,公,太平區,中山里中原街3巷口,單口,五角開關,無,120.72638332,24.14501584,False,,大里服務所,True,,,2025/3/31 上午 12:36:41,good055096,16,11,False,0,0,0
5941,中山分隊,A317,地下,一般式,公,太平區,中山里中原街9巷口,單口,五角開關,無,120.72620093,24.14427178,False,,大里服務所,True,,,2025/3/31 上午 12:36:56,good055096,16,11,False,0,0,0
5942,中山分隊,A318,地下,一般式,公,太平區,中山里中原街9巷29號,單口,五角開關,無,120.7273972,24.14411514,False,,大里服務所,True,,,2025/3/31 上午 12:37:06,good055096,15,11,False,0,0,0
5938,中山分隊,A319,地下,一般式,公,太平區,豐年里大源路2-4號旁,單口,五角開關,無,120.7254593,24.145305,False,,大里服務所,True,,,2025/4/7 下午 12:53:12,中山分隊,16,11,False,0,0,0
5911,中山分隊,A320,地上,,公,太平區,豐年里大源二街25巷口,單口,五角開關,無,120.72446689,24.14470133,False,,大里服務所,True,,,2025/3/31 上午 12:37:37,good055096,16,11,False,0,0,0
19791,中山分隊,A321,地下,一般式,公,太平區,中山里中山路二段541巷口與大源二街口,單口,五角開關,無,120.72369289,24.14492245,False,,大里服務所,True,2019/10/21 下午 11:01:56,中山分隊,2025/3/31 上午 12:37:52,good055096,7,11,False,0,0,0
5912,中山分隊,A322,地下,,公,太平區,豐年里大源八街18號前,單口,五角開關,無,120.72431735,24.14368432,False,,大里服務所,True,,,2025/3/31 上午 12:38:04,good055096,18,11,False,0,0,0
5913,中山分隊,A323,地下,一般式,公,太平區,豐年里大源二路與大源十四街口,單口,五角開關,無,120.72414589,24.1427128,False,,大里服務所,True,,,2025/3/31 上午 12:38:26,good055096,18,11,False,0,0,0
5916,中山分隊,A324,地下,一般式,公,太平區,豐年里大源二路與大源二十四街口,單口,五角開關,有,120.723815,24.1411196,False,,大里服務所,True,,,2025/3/31 上午 12:38:40,good055096,17,11,False,0,0,0
5919,中山分隊,A325,地下,一般式,公,太平區,豐年里大源二十六街口,單口,五角開關,無,120.7244528,24.14068161,False,,大里服務所,True,,,2025/3/31 上午 12:38:50,good055096,16,11,False,0,0,0
18602,中山分隊,A326,地下,一般式,公,太平區,豐年里大源路116巷口,單口,五角開關,無,120.72398797,24.13922164,False,出水量 22.82 m?／h 淞盛工程有限公司,大里服務所,True,2019/1/2 下午 10:11:03,中山分隊,2026/7/9 上午 11:59:22,第三大隊,10,99,False,0,0,373
5917,中山分隊,A327,地上,,公,太平區,豐年里大源三十三街口,單口,五角開關,有,120.72445482,24.13977308,False,,大里服務所,True,,,2025/3/31 上午 12:39:14,good055096,18,11,False,0,0,0
5918,中山分隊,A328,地上,,公,太平區,豐年里大源三十一街口,單口,五角開關,無,120.72448432,24.14006924,False,,大里服務所,True,,,2025/3/31 上午 12:39:30,good055096,15,11,False,0,0,0
5922,中山分隊,A329,地上,,公,太平區,豐年里大源十九街口,單口,五角開關,無,120.72480753,24.14186458,False,,大里服務所,True,,,2025/3/31 上午 12:39:42,good055096,16,11,False,0,0,0
5921,中山分隊,A330,地下,一般式,公,太平區,豐年里大源二十五街10號,單口,五角開關,無,120.72687685,24.14057101,False,,大里服務所,True,,,2025/3/31 上午 12:40:00,good055096,15,11,False,0,0,0
5924,中山分隊,A331,地下,一般式,公,太平區,豐年里大源十九街1巷口,單口,五角開關,無,120.7282992,24.1413149,False,,大里服務所,True,,,2025/3/31 上午 12:40:20,good055096,17,11,False,0,0,0
5925,中山分隊,A332,地下,固鎖式,公,太平區,豐年里大源十九街2巷29號,單口,五角開關,無,120.72960197,24.14157943,False,,大里服務所,True,,,2025/3/31 上午 12:40:30,good055096,15,11,False,0,0,0
5923,中山分隊,A333,地下,一般式,公,太平區,豐年里大源十九街47號前,單口,五角開關,無,120.7270646,24.14153538,False,,大里服務所,True,,,2025/3/31 上午 12:40:44,good055096,17,11,False,0,0,0
5926,中山分隊,A334,地上,,公,太平區,豐年里大源十七街口,單口,五角開關,無,120.72488933,24.14227945,False,,大里服務所,True,,,2025/3/31 上午 12:41:01,good055096,16,11,False,0,0,0
5927,中山分隊,A335,地上,,公,太平區,豐年里大源十五街口,單口,五角開關,無,120.72495371,24.14259764,False,,大里服務所,True,,,2025/3/31 上午 12:41:15,good055096,15,11,False,0,0,0
5929,中山分隊,A336,地上,,公,太平區,豐年里大源十三街口,單口,五角開關,有,120.72502076,24.14292317,False,,大里服務所,True,,,2025/3/31 上午 12:41:28,good055096,15,11,False,0,0,0
5931,中山分隊,A337,地下,固鎖式,公,太平區,豐年里大源十一街15號旁,單口,五角開關,無,120.72576239,24.14323099,False,,大里服務所,True,,,2025/3/31 上午 12:41:39,good055096,17,12,False,0,0,0
5930,中山分隊,A338,地下,一般式,公,太平區,豐年里大源十三街38號,單口,五角開關,無,120.72671054,24.1427072,False,,大里服務所,True,,,2025/3/31 上午 12:41:53,good055096,16,12,False,0,0,0
5932,中山分隊,A339,地上,,公,太平區,豐年里大源九街口,單口,五角開關,無,120.72518706,24.14356199,False,,大里服務所,True,,,2025/3/31 上午 12:42:17,good055096,15,12,False,0,0,0
5933,中山分隊,A340,地上,,公,太平區,豐年里大源七街口,單口,五角開關,無,120.72525143,24.14387038,False,,大里服務所,True,,,2025/3/31 上午 12:42:38,good055096,17,12,False,0,0,0
5935,中山分隊,A341,地上,,公,太平區,豐年里大源五街口,單口,五角開關,無,120.72524875,24.14414641,False,,大里服務所,True,,,2025/3/31 上午 12:42:48,good055096,16,12,False,0,0,0
5934,中山分隊,A342,地下,一般式,公,太平區,豐年里大源五街29號前,單口,五角開關,無,120.72690367,24.14373821,False,,大里服務所,True,,,2025/3/31 上午 12:43:02,good055096,16,12,False,0,0,0
5936,中山分隊,A343,地下,一般式,公,太平區,豐年里大源三街口,單口,五角開關,無,120.7253319,24.14452143,False,,大里服務所,True,,,2025/3/31 上午 12:43:16,good055096,15,12,False,0,0,0
5937,中山分隊,A344,地上,,公,太平區,豐年里大源一街口,單口,五角開關,無,120.72543919,24.14486409,False,,大里服務所,True,,,2025/3/31 上午 12:43:42,good055096,15,12,False,0,0,0
18603,中山分隊,A345,地下,一般式,公,太平區,豐年里大源路1-18號旁往國小,單口,五角開關,無,120.72561263,24.14599459,False,,大里服務所,True,2019/1/2 下午 10:12:47,中山分隊,2025/3/31 上午 12:43:53,good055096,8,12,False,0,0,0
5859,中山分隊,A346,地下,一般式,公,太平區,光明里長安路479號前,單口,五角開關,無,120.72537829,24.1507397,False,,大里服務所,True,,,2025/3/31 上午 12:44:08,good055096,16,12,False,0,0,0
18604,中山分隊,A347,地下,一般式,公,太平區,光明里長安路493巷15弄26號前,單口,五角開關,無,120.72610259,24.1508244,False,,大里服務所,True,2019/1/2 下午 10:14:11,中山分隊,2025/3/31 上午 12:44:22,good055096,8,12,False,0,0,0
5860,中山分隊,A348,地下,一般式,公,太平區,光明里長安路447號前,單口,五角開關,無,120.7257577,24.15149434,False,,大里服務所,True,,,2025/4/29 上午 11:38:31,中山分隊,17,12,False,0,0,0
5861,中山分隊,A349,地下,一般式,公,太平區,光明里長安十一街8號前,單口,五角開關,無,120.72691977,24.15199606,False,,大里服務所,True,,,2025/3/31 上午 12:44:32,good055096,16,12,False,0,0,0
18605,中山分隊,A350,地下,一般式,公,太平區,光華里中山路二段352巷慈光15村前,單口,五角開關,無,120.72800241,24.15225316,False,,大里服務所,True,2019/1/2 下午 10:16:05,中山分隊,2025/3/31 上午 12:44:47,good055096,9,12,False,0,0,0
18606,中山分隊,A351,地下,,公,太平區,光華里長安路398巷口,單口,五角開關,無,120.72729438,24.15377882,False,,大里服務所,True,2019/1/2 下午 10:17:43,中山分隊,2025/3/31 上午 12:44:59,good055096,8,12,False,0,0,0
18237,中山分隊,A352,地下,一般式,公,太平區,光華里長安路360巷口人行道,單口,五角開關,無,120.72736501,24.15466862,False,,大里服務所,True,2018/2/5 上午 08:34:54,中山分隊,2025/3/31 上午 12:45:14,good055096,8,12,False,0,0,0
5863,中山分隊,A353,地下,一般式,公,太平區,光華里長安路320號前（三角開關）,單口,五角開關,無,120.72832524,24.15497209,False,,大里服務所,True,,,2025/3/31 上午 12:45:30,good055096,17,12,False,0,0,0
18607,中山分隊,A354,地下,一般式,公,太平區,光華里長安路119號對面,單口,五角開關,無,120.73113896,24.15635689,False,,大里服務所,True,2019/1/2 下午 10:26:14,中山分隊,2025/3/31 上午 12:45:41,good055096,8,12,False,0,0,0
5864,中山分隊,A355,地下,一般式,公,太平區,光華里長安路72號,單口,五角開關,無,120.73232949,24.1566457,False,,大里服務所,True,,,2025/3/31 上午 12:45:53,good055096,17,12,False,0,0,0
5862,中山分隊,A356,地下,一般式,公,太平區,光華里長安路2號（對面斑馬線）,單口,五角開關,無,120.73363065,24.15696422,False,,大里服務所,True,,,2025/3/31 上午 12:46:10,good055096,16,12,False,0,0,0
18608,中山分隊,A357,地下,一般式,公,太平區,光華里長安東路80號前（三和精機廠）,單口,五角開關,無,120.73379365,24.15784343,False,,大里服務所,True,2019/1/2 下午 10:27:38,中山分隊,2025/3/31 上午 12:46:23,good055096,8,12,False,0,0,0
5947,中山分隊,A358,地上,,公,太平區,中山里中山路二段439巷口,雙口,五角開關,無,120.72757691,24.14992798,False,,大里服務所,True,,,2025/3/31 上午 12:46:40,good055096,17,12,False,0,0,0
5948,中山分隊,A359,地下,一般式,公,太平區,中山里中山路二段311巷4弄37號前,單口,五角開關,無,120.72997815,24.14957922,False,,大里服務所,True,,,2025/3/31 上午 12:46:57,good055096,15,12,False,0,0,0
5949,中山分隊,A360,地上,,公,太平區,中山里中山路二段285巷口右側,雙口,五角開關,無,120.73153853,24.1502486,False,,大里服務所,True,,,2025/3/31 上午 12:47:19,good055096,16,12,False,0,0,0
5950,中山分隊,A361,地下,一般式,公,太平區,中山里中山路二段259巷20號,單口,五角開關,無,120.73211252,24.14979337,False,,大里服務所,True,,,2025/3/31 上午 12:47:50,good055096,16,12,False,0,0,0
5873,中山分隊,A362,地下,固鎖式,公,太平區,大興里大興六街33弄口,單口,五角開關,無,120.73428779,24.15543464,False,,大里服務所,True,,,2025/3/31 上午 12:48:12,good055096,13,12,False,0,0,0
5872,中山分隊,A363,地下,固鎖式,公,太平區,大興里大興六街85號,單口,五角開關,無,120.73532044,24.15586293,False,,大里服務所,True,,,2025/3/31 上午 12:48:35,good055096,15,12,False,0,0,0
5874,中山分隊,A364,地下,固鎖式,公,太平區,大興里大興十街3巷2號前,單口,五角開關,無,120.73620557,24.15610766,False,,大里服務所,True,,,2025/3/31 上午 12:48:49,good055096,15,12,False,0,0,0
5875,中山分隊,A365,地下,一般式,公,太平區,大興里大興十六街25號（祥鼎工業）,單口,五角開關,無,120.7372665,24.1555432,False,出水量 20.26 m?／h 淞盛工程有限公司,大里服務所,True,,,2026/6/30 上午 11:29:29,中山分隊,16,99,False,0,0,0
5876,中山分隊,A366,地下,一般式,公,太平區,大興里大興十六街96巷22號前,單口,五角開關,無,120.73626726,24.15435413,False,,大里服務所,True,,,2025/3/31 上午 12:49:18,good055096,15,13,False,0,0,0
5878,中山分隊,A367,地下,一般式,公,太平區,大興里大興二十二街110巷口,單口,五角開關,無,120.7416974,24.15425256,False,,大里服務所,True,,,2025/3/31 上午 12:49:29,good055096,15,13,False,0,0,0
5877,中山分隊,A368,地下,一般式,公,太平區,大興里大興二十二街42號【麗園社區大門前】,單口,五角開關,無,120.74243133,24.15631178,False,,大里服務所,True,,,2025/3/31 上午 12:49:58,good055096,15,13,False,0,0,0
5879,中山分隊,A369,地下,一般式,公,太平區,大興里大興二十二街35巷2弄口,單口,五角開關,無,120.74332684,24.15670236,False,,大里服務所,True,,,2025/3/31 上午 12:50:10,good055096,14,13,False,0,0,0
17219,中山分隊,A370,地下,一般式,公,太平區,大興里?仔坑路（華盛頓中學指示牌往前10公尺）,單口,五角開關,無,120.74489325,24.15909493,False,,大里服務所,True,2016/2/18 下午 04:22:27,中山分隊,2025/3/31 上午 12:50:29,good055096,14,13,False,0,0,0
5887,中山分隊,A371,地上,,公,太平區,大興里廓仔坑路56號旁約10公尺,單口,五角開關,無,120.75404941,24.15748891,False,,大里服務所,True,,,2025/3/31 上午 12:50:43,good055096,15,13,False,0,0,0
17220,中山分隊,A372,地下,固鎖式,公,太平區,光華里大興二十一街光華里土地公廟旁,單口,五角開關,無,120.74340869,24.15882752,False,,大里服務所,True,2016/2/18 下午 04:33:14,中山分隊,2025/3/31 上午 12:51:04,good055096,14,13,False,0,0,0
5882,中山分隊,A373,地下,一般式,公,太平區,光華里大興十九街15號,單口,五角開關,無,120.74166507,24.15865016,False,,大里服務所,True,,,2025/3/31 上午 12:51:23,good055096,16,13,False,0,0,0
18610,中山分隊,A374,地下,一般式,公,太平區,光華里大興十九街12巷28號,單口,五角開關,無,120.74245715,24.15843486,False,,大里服務所,True,2019/1/2 下午 10:29:56,中山分隊,2025/3/31 上午 12:51:41,good055096,9,13,False,0,0,0
18611,中山分隊,A375,地下,一般式,公,太平區,光華里大興十九街7巷底,單口,五角開關,無,120.74108177,24.15785441,False,,大里服務所,True,2019/1/2 下午 10:31:21,中山分隊,2025/3/31 上午 12:51:53,good055096,8,13,False,0,0,0
5880,中山分隊,A376,地下,固鎖式,公,太平區,光華里大興十九街1巷2號,單口,五角開關,無,120.74197455,24.15777497,False,,大里服務所,True,,,2025/3/31 上午 12:52:09,good055096,17,13,False,0,0,0
5881,中山分隊,A377,地下,一般式,公,太平區,光華里大興十九街和大興路口,單口,五角開關,無,120.74201926,24.15747939,False,,大里服務所,True,,,2025/3/31 上午 12:52:26,good055096,16,13,False,0,0,0
5883,中山分隊,A378,地下,一般式,公,太平區,光華里大興路429-1號（宏偉樂器拋光社）,單口,五角開關,無,120.7397932,24.1572716,False,,大里服務所,True,,,2025/3/31 上午 12:52:39,good055096,15,13,False,0,0,0
5885,中山分隊,A379,地下,固鎖式,公,太平區,光華里大興十七街73號前,單口,五角開關,無,120.74021816,24.15796273,False,,大里服務所,True,,,2025/3/31 上午 12:52:50,good055096,15,13,False,0,0,0
5886,中山分隊,A380,地下,固鎖式,公,太平區,光華里大興十七街100號前,單口,五角開關,無,120.7411729,24.1582551,False,,大里服務所,True,,,2025/3/31 上午 12:53:04,good055096,14,13,False,0,0,0
5888,中山分隊,A381,地下,固鎖式,公,太平區,光華里大興二十一街118-1號前,單口,五角開關,無,120.74058771,24.15845877,False,,大里服務所,True,,,2025/3/31 上午 12:53:18,good055096,18,13,False,0,0,0
5889,中山分隊,A382,地下,固鎖式,公,太平區,光華里大興二十一街210號,單口,五角開關,無,120.73962539,24.15820991,False,,大里服務所,True,,,2025/3/31 上午 12:53:32,good055096,17,13,False,0,0,0
17181,中山分隊,A383,地下,固鎖式,公,太平區,光華里大興十五街50巷39弄口,單口,五角開關,無,120.74005766,24.15859509,False,,大里服務所,True,2016/1/1 上午 10:45:05,中山分隊,2025/3/31 上午 12:53:46,good055096,15,13,False,0,0,0
5892,中山分隊,A384,地下,固鎖式,公,太平區,光華里大興十五街50巷39弄18號,單口,五角開關,無,120.74010014,24.15903709,False,,大里服務所,True,,,2025/3/31 上午 12:54:05,good055096,17,13,False,0,0,0
5893,中山分隊,A385,地下,固鎖式,公,太平區,光華里大興十五街50巷21號旁,單口,五角開關,無,120.73901555,24.15852973,False,,大里服務所,True,,,2025/3/31 上午 12:54:19,good055096,15,13,False,0,0,0
5891,中山分隊,A386,地下,固鎖式,公,太平區,光華里大興十五街58巷45號,單口,五角開關,無,120.73967635,24.15889759,False,,大里服務所,True,,,2025/3/31 上午 12:55:31,good055096,17,13,False,0,0,0
5890,中山分隊,A387,地下,固鎖式,公,太平區,光華里大興十五街58巷23號,單口,五角開關,無,120.73904871,24.15887802,False,,大里服務所,True,,,2025/3/31 上午 12:55:57,good055096,14,13,False,0,0,0
17180,中山分隊,A388,地下,固鎖式,公,太平區,光華里大興十五街58巷1號,單口,五角開關,無,120.73833525,24.15884197,False,,大里服務所,True,2016/1/1 上午 10:44:16,中山分隊,2025/3/31 上午 12:56:11,good055096,12,13,False,0,0,0
5894,中山分隊,A389,地下,固鎖式,公,太平區,光華里大興十五街43號前,單口,五角開關,無,120.73823064,24.15832003,False,,大里服務所,True,,,2025/3/31 上午 12:56:22,good055096,14,13,False,0,0,0
17221,中山分隊,A390,地下,固鎖式,公,太平區,光華里大興十五街26巷17號前,單口,五角開關,無,120.73881714,24.15781473,False,,大里服務所,True,2016/2/18 下午 04:35:32,中山分隊,2025/3/31 上午 12:56:42,good055096,13,13,False,0,0,0
5895,中山分隊,A391,地下,固鎖式,公,太平區,光華里大興十五街1號前,單口,五角開關,無,120.7382816,24.15726769,False,,大里服務所,True,,,2025/3/31 上午 12:57:24,good055096,14,13,False,0,0,0
5896,中山分隊,A392,地下,一般式,公,太平區,光華里大興路295號前,單口,五角開關,無,120.73613225,24.15669291,False,,大里服務所,True,,,2025/3/31 上午 12:57:39,good055096,17,13,False,0,0,0
5897,中山分隊,A393,地下,一般式,公,太平區,光華里大興路179號前,單口,五角開關,無,120.73357433,24.15562553,False,,大里服務所,True,,,2025/3/31 上午 12:57:55,good055096,15,13,False,0,0,0
5871,中山分隊,A394,地下,一般式,公,太平區,光華里大興十三街43巷2號前,單口,五角開關,無,120.73190787,24.15512232,False,,大里服務所,True,,,2025/3/31 上午 12:58:09,good055096,15,13,False,0,0,0
5869,中山分隊,A395,地下,一般式,公,太平區,光華里大興十三街116號,單口,五角開關,無,120.7310611,24.1547812,False,,大里服務所,True,,,2025/3/31 上午 12:58:23,good055096,17,14,False,0,0,0
5870,中山分隊,A396,地下,一般式,公,太平區,光華里大興十三街43巷62號旁,單口,五角開關,無,120.73135077,24.15418404,False,,大里服務所,True,,,2025/3/31 上午 12:58:36,good055096,15,14,False,0,0,0
5865,中山分隊,A397,地下,一般式,公,太平區,光華里長安七街40巷口,單口,五角開關,無,120.72896897,24.15357709,False,,大里服務所,True,,,2025/3/31 上午 12:58:47,good055096,17,14,False,0,0,0
5866,中山分隊,A398,地下,一般式,公,太平區,光明里大興十一街207號,單口,五角開關,無,120.72864443,24.15308761,False,,大里服務所,True,,,2025/3/31 上午 12:59:04,good055096,18,14,False,0,0,0
5867,中山分隊,A399,地下,一般式,公,太平區,光明里大興十一街143號,單口,五角開關,無,120.73020413,24.1531029,False,,大里服務所,True,,,2025/3/31 上午 12:59:26,good055096,17,14,False,0,0,0
5868,中山分隊,A400,地下,一般式,公,太平區,光明里大興十一街125巷48號前,單口,五角開關,無,120.73045358,24.15207438,False,,大里服務所,True,,,2025/3/31 上午 12:59:57,good055096,16,14,False,0,0,0
18612,中山分隊,A401,地下,一般式,公,太平區,光明里大興九街60號,單口,五角開關,無,120.73218098,24.15393013,False,,大里服務所,True,2019/1/2 下午 10:32:47,中山分隊,2025/3/31 上午 01:01:16,good055096,8,14,False,0,0,0
5898,中山分隊,A402,地下,一般式,公,太平區,光明里大興路和大興九街口,單口,五角開關,無,120.73339998,24.15382794,False,,大里服務所,True,,,2025/3/31 上午 01:04:01,good055096,18,14,False,0,0,0
5899,中山分隊,A403,地下,一般式,公,太平區,光明里大興五街45號前,單口,五角開關,無,120.73206959,24.1532008,False,,大里服務所,True,,,2025/3/31 上午 01:04:12,good055096,15,14,False,0,0,0
5900,中山分隊,A404,地下,一般式,公,太平區,光明里大興三街45號,單口,五角開關,無,120.73139369,24.15290161,False,,大里服務所,True,,,2025/3/31 上午 01:04:33,good055096,16,14,False,0,0,0
5901,中山分隊,A405,地上,,公,太平區,光明里大興路柏祥廳門口左側,雙口,五角開關,無,120.73320686,24.15119086,False,,大里服務所,True,,,2025/3/31 上午 01:04:47,good055096,18,14,False,0,0,0
5902,中山分隊,A406,地上,,公,太平區,光明里中山路二段國軍醫院牆角（靠近中山路二段與大興路口）,雙口,五角開關,無,120.73311567,24.15055208,False,,大里服務所,True,,,2025/3/31 上午 01:05:01,good055096,16,14,False,0,0,0
5903,中山分隊,A407,地上,,公,太平區,光明里中山路二段305號對面,雙口,五角開關,無,120.73090016,24.15035139,False,,大里服務所,True,,,2025/3/31 上午 01:05:14,good055096,15,14,False,0,0,0
5904,中山分隊,A408,地上,,公,太平區,光明里中山路二段350號【慈光二村】,雙口,五角開關,無,120.72847869,24.1501478,False,,大里服務所,True,,,2025/3/31 上午 01:05:27,good055096,16,14,False,0,0,0
5905,中山分隊,A409,地下,一般式,公,太平區,光明里中山路二段364巷31弄和352巷口,單口,五角開關,無,120.72775125,24.15131568,False,,大里服務所,True,,,2025/3/31 上午 01:05:39,good055096,16,14,False,0,0,0
5906,中山分隊,A410,地上,,公,太平區,光明里中山路二段489號對面,單口,五角開關,無,120.72610437,24.14987658,False,,大里服務所,True,,,2025/3/31 上午 01:05:52,good055096,18,14,False,0,0,0
18236,中山分隊,A411,地下,一般式,公,太平區,中山里環太東路266號前,單口,五角開關,無,120.72522461,24.15111499,False,,大里服務所,True,2018/2/5 上午 08:34:22,中山分隊,2025/3/31 上午 01:06:10,good055096,10,14,False,0,0,0
21603,中山分隊,A412,地下,一般式,公,太平區,環太東路與長安十一街,單口,五角開關,無,120.7260876,24.1527646,False,,大里服務所,True,2024/6/27 上午 10:05:10,中山分隊,2025/3/31 上午 01:06:23,good055096,6,14,False,0,0,389
5951,中山分隊,A413,地下,一般式,公,太平區,坪林里中山路二段177巷口,單口,五角開關,無,120.73427975,24.14948989,False,,大里服務所,True,,,2025/3/31 上午 01:06:39,good055096,15,14,False,0,0,0
18613,中山分隊,A414,地下,一般式,公,太平區,坪林里中山路二段107巷口,單口,五角開關,無,120.73389035,24.14780542,False,,大里服務所,True,2019/1/2 下午 10:34:12,中山分隊,2025/3/31 上午 01:06:55,good055096,8,14,False,0,0,0
5952,中山分隊,A415,地下,一般式,公,太平區,坪林里中山路二段57-9號前,單口,五角開關,無,120.73358237,24.14660796,False,,大里服務所,True,,,2025/3/31 上午 01:07:06,good055096,18,14,False,0,0,0
5953,中山分隊,A416,地下,一般式,公,太平區,坪林里中山路二段17巷口,單口,五角開關,無,120.73432266,24.14546129,False,,大里服務所,True,,,2025/3/31 上午 01:07:20,good055096,15,14,False,0,0,0
5954,中山分隊,A417,地下,一般式,公,太平區,勤益里中山路一段276號對面,單口,五角開關,無,120.73315322,24.14250463,False,,大里服務所,True,,,2025/3/31 上午 01:07:35,good055096,17,14,False,0,0,0
5955,中山分隊,A418,地下,一般式,公,太平區,勤益里中山路一段197號前,單口,五角開關,無,120.73230564,24.14115844,False,,大里服務所,True,,,2025/3/31 上午 01:07:51,good055096,16,14,False,0,0,0
5956,中山分隊,A419,地下,一般式,公,太平區,勤益里中山路一段190號對面,單口,五角開關,無,120.73172628,24.14035562,False,,大里服務所,True,,,2025/3/31 上午 01:08:07,good055096,16,14,False,0,0,0
5957,中山分隊,A420,地下,一般式,公,太平區,勤益里中山路一段159巷17-1號前,單口,五角開關,無,120.73114156,24.14065423,False,,大里服務所,True,,,2025/3/31 上午 01:08:26,good055096,16,14,False,0,0,0
5958,中山分隊,A421,地下,一般式,公,太平區,勤益里中山路一段159巷42號前,單口,五角開關,無,120.73085725,24.14184867,False,,大里服務所,True,,,2025/3/31 上午 01:08:55,good055096,16,14,False,0,0,0
5959,中山分隊,A422,地下,一般式,公,太平區,勤益里中山路一段159巷76號,單口,五角開關,無,120.73071241,24.14303331,False,,大里服務所,True,,,2025/3/31 上午 01:09:11,good055096,16,14,False,0,0,0
5960,中山分隊,A423,地下,一般式,公,太平區,勤益里中山路一段215南巷23號前,單口,五角開關,無,120.73205888,24.14305289,False,,大里服務所,True,,,2025/3/31 上午 01:09:26,good055096,17,14,False,0,0,0
5962,中山分隊,A424,地下,一般式,公,太平區,勤益里中山路一段156號對面,單口,五角開關,無,120.73219299,24.13881849,False,,大里服務所,True,,,2025/3/31 上午 01:09:38,good055096,17,14,False,0,0,0
5961,中山分隊,A425,地上,,公,太平區,勤益里中山路一段137號對面（加油站往前10公尺）,雙口,五角開關,無,120.73252022,24.13817965,False,,大里服務所,True,,,2025/3/31 上午 01:09:52,good055096,16,14,False,0,0,0
5963,中山分隊,A426,地下,一般式,公,太平區,勤益里中山路一段162巷30弄1號前,單口,五角開關,無,120.73269188,24.13961643,False,,大里服務所,True,,,2025/3/31 上午 01:10:04,good055096,18,15,False,0,0,0
5964,中山分隊,A427,地下,一般式,公,太平區,勤益里中山路一段184-4號前,單口,五角開關,無,120.73165118,24.13961643,False,,大里服務所,True,,,2025/3/31 上午 01:10:24,good055096,16,15,False,0,0,0
5965,中山分隊,A428,地下,一般式,公,太平區,勤益里中山路一段192-3號前,單口,五角開關,無,120.73202133,24.14061017,False,,大里服務所,True,,,2025/3/31 上午 01:10:39,good055096,16,15,False,0,0,0
5966,中山分隊,A429,地下,固鎖式,公,太平區,勤益里中山路一段232巷口,單口,五角開關,無,120.73272407,24.14157454,False,,大里服務所,True,,,2025/3/31 上午 01:10:55,good055096,15,15,False,0,0,0
5967,中山分隊,A430,地下,一般式,公,太平區,勤益里中山路一段322巷口,單口,五角開關,無,120.73380768,24.14332702,False,,大里服務所,True,,,2025/3/31 上午 01:11:09,good055096,15,15,False,0,0,0
5968,中山分隊,A431,地下,一般式,公,太平區,勤益里中山路一段322巷10號前,單口,五角開關,無,120.7345426,24.1433466,False,,大里服務所,True,,,2025/3/31 上午 01:11:22,good055096,16,15,False,0,0,0
5969,中山分隊,A432,地下,一般式,公,太平區,勤益里中山路一段322巷42弄口,單口,五角開關,無,120.73583006,24.14347877,False,,大里服務所,True,,,2025/3/31 上午 01:11:52,good055096,16,15,False,0,0,0
5970,中山分隊,A433,地下,一般式,公,太平區,勤益里中山路一段322巷42弄13號前,單口,五角開關,無,120.73587298,24.14292072,False,,大里服務所,True,,,2025/3/31 上午 01:12:08,good055096,16,15,False,0,0,0
5971,中山分隊,A434,地下,一般式,公,太平區,勤益里中山路一段322巷84號前,單口,五角開關,無,120.73712825,24.14358157,False,,大里服務所,True,,,2025/3/31 上午 01:12:21,good055096,16,15,False,0,0,0
5972,中山分隊,A435,地下,一般式,公,太平區,勤益里中山路一段322巷117弄口,單口,五角開關,無,120.73762446,24.14361094,False,,大里服務所,True,,,2025/3/31 上午 01:12:35,good055096,16,15,False,0,0,0
5978,中山分隊,A436,地下,一般式,公,太平區,勤益里中山路一段366號前,單口,五角開關,無,120.73442995,24.14432073,False,,大里服務所,True,,,2025/3/31 上午 01:12:49,good055096,18,15,False,0,0,0
5979,中山分隊,A437,地下,一般式,公,太平區,勤益里中山路一段392號前,單口,五角開關,無,120.73447287,24.14483472,False,,大里服務所,True,,,2025/3/31 上午 01:13:03,good055096,18,15,False,0,0,0
5977,中山分隊,A438,地下,一般式,公,太平區,坪林里坪林路31-1號（勤益帝寶A棟旁槽化線內）,單口,五角開關,無,120.73506832,24.14576968,False,,大里服務所,True,,,2025/3/31 上午 01:13:17,good055096,22,15,False,0,0,0
18614,中山分隊,A439,地下,一般式,公,太平區,坪林里坪林路41-1號,單口,五角開關,無,120.735376,24.14619277,False,,大里服務所,True,2019/1/2 下午 10:35:40,中山分隊,2025/3/31 上午 01:13:31,good055096,8,15,False,0,0,0
5976,中山分隊,A440,地下,固鎖式,公,太平區,坪林里坪林路26號,單口,五角開關,無,120.73584079,24.14559836,False,,大里服務所,True,,,2025/3/31 上午 01:14:47,good055096,19,15,False,0,0,0
5974,中山分隊,A441,地下,一般式,公,太平區,坪林里坪林路坪林國小前,單口,五角開關,無,120.73711752,24.1451578,False,,大里服務所,True,,,2025/3/31 上午 01:15:16,good055096,18,15,False,0,0,0
5975,中山分隊,A442,地下,固鎖式,公,太平區,坪林里坪林路42-1號前（三角開關）,單口,五角開關,無,120.73643624,24.14592143,False,,大里服務所,True,,,2025/3/31 上午 01:15:29,good055096,20,15,False,0,0,0
5980,中山分隊,A443,地下,一般式,公,太平區,坪林里中山路二段32巷50號前,單口,五角開關,無,120.7342631,24.1469069,False,,大里服務所,True,,,2025/3/31 上午 01:15:47,good055096,16,15,False,0,0,0
5981,中山分隊,A444,地下,一般式,公,太平區,坪林里中山路二段100巷16弄口,單口,五角開關,無,120.73475718,24.14769833,False,出水量 58.24 m?／h 淞盛工程有限公司,大里服務所,True,,,2026/6/30 上午 11:30:28,中山分隊,18,99,False,0,0,0
5982,中山分隊,A445,地下,一般式,公,太平區,坪林里中山路二段100巷26弄1號旁,單口,五角開關,無,120.73594272,24.14728225,False,,大里服務所,True,,,2025/3/31 上午 01:16:14,good055096,16,15,False,0,0,0
18615,中山分隊,A446,地下,一般式,公,太平區,坪林里中山路二段100巷24弄45號,單口,五角開關,無,120.73763747,24.14665362,False,,大里服務所,True,2019/1/2 下午 10:36:58,中山分隊,2025/3/31 上午 01:16:28,good055096,8,15,False,0,0,0
5983,中山分隊,A447,地下,一般式,公,太平區,坪林里中山路二段108之2號（檳榔攤旁）,單口,五角開關,無,120.73423147,24.14829552,False,,大里服務所,True,,,2025/3/31 上午 01:16:41,good055096,16,15,False,0,0,0
5984,中山分隊,A448,地下,一般式,公,太平區,坪林里中山路二段154巷49號前,單口,五角開關,無,120.73643088,24.14923535,False,,大里服務所,True,,,2025/3/31 上午 01:16:52,good055096,16,15,False,0,0,0
5824,中山分隊,A449,地下,一般式,公,太平區,宜佳里宜福街23號,單口,五角開關,無,120.71141123,24.14032625,False,,大里服務所,True,,,2025/3/31 上午 01:17:12,good055096,15,15,False,0,0,0
5826,中山分隊,A450,地下,一般式,公,太平區,宜佳里宜佳街41巷口,單口,五角開關,無,120.71257531,24.13973881,False,,大里服務所,True,,,2025/3/31 上午 01:17:26,good055096,17,15,False,0,0,0
18616,中山分隊,A451,地下,,公,太平區,宜佳里宜佳街31巷7號,單口,五角開關,無,120.71344985,24.13930247,False,,大里服務所,True,2019/1/2 下午 10:38:42,中山分隊,2025/3/31 上午 01:17:46,good055096,8,15,False,0,0,0
5815,中山分隊,A452,地下,一般式,公,太平區,宜佳里宜佳街16號前,單口,五角開關,無,120.71446359,24.13997379,False,,大里服務所,True,,,2025/3/31 上午 01:18:03,good055096,18,15,False,0,0,0
5814,中山分隊,A453,地下,一般式,公,太平區,宜佳里新平路二段191號,單口,五角開關,無,120.714823,24.14049269,False,,大里服務所,True,,,2025/3/31 上午 01:18:15,good055096,18,16,False,0,0,0
5817,中山分隊,A454,地下,一般式,公,太平區,宜佳里市民大道段95巷口（阿裕快炒旁）,單口,五角開關,無,120.71424901,24.13883318,False,,大里服務所,True,,,2025/3/31 上午 01:18:25,good055096,18,16,False,0,0,0
5818,中山分隊,A455,地下,一般式,公,太平區,宜佳里宜昌路74號前,單口,五角開關,無,120.71248948,24.13869121,False,,大里服務所,True,,,2025/3/31 上午 01:18:35,good055096,18,16,False,0,0,0
5819,中山分隊,A456,地下,,公,太平區,宜佳里宜昌路79號,雙口,五角開關,無,120.71287193,24.13849339,False,,大里服務所,True,,,2025/3/31 上午 01:19:46,good055096,19,16,False,0,0,0
5796,中山分隊,A457,地下,一般式,公,太平區,宜佳里宜祥街48號,單口,五角開關,無,120.7131994,24.13740328,False,,大里服務所,True,,,2025/3/31 上午 01:19:57,good055096,17,16,False,0,0,0
5795,中山分隊,A458,地下,,公,太平區,宜佳里市民大道一段25巷33號,單口,五角開關,無,120.71347922,24.13648392,False,,大里服務所,True,,,2025/3/31 上午 01:20:08,good055096,19,16,False,0,0,0
5820,中山分隊,A459,地下,,公,太平區,宜佳里宜昌路87巷33號,單口,五角開關,無,120.71263432,24.13752122,False,,大里服務所,True,,,2025/3/31 上午 01:20:33,good055096,19,16,False,0,0,0
5821,中山分隊,A460,地下,,公,太平區,宜佳里宜祥街13巷7弄21號,單口,五角開關,無,120.71317075,24.13675684,False,,大里服務所,True,,,2025/3/31 上午 01:20:47,good055096,20,16,False,0,0,0
5822,中山分隊,A461,地下,一般式,公,太平區,宜佳里宜昌路87巷67弄8號旁,單口,五角開關,無,120.71261286,24.13617673,False,,大里服務所,True,,,2025/3/31 上午 01:21:18,good055096,17,16,False,0,0,0
5789,中山分隊,A462,地下,一般式,公,太平區,宜佳里宜信街66號,單口,五角開關,無,120.71376615,24.13610814,False,,大里服務所,True,,,2025/3/31 上午 01:21:31,good055096,18,16,False,0,0,0
5793,中山分隊,A463,地下,固鎖式,公,太平區,宜佳里宜仁街33號,單口,五角開關,無,120.71372866,24.13779249,False,,大里服務所,True,,,2025/3/31 上午 01:21:42,good055096,18,16,False,0,0,0
5736,中山分隊,A464,地下,一般式,公,太平區,宜佳里新平路二段15號,單口,五角開關,無,120.715397,24.13660578,False,,大里服務所,True,,,2025/4/4 下午 01:56:18,中山分隊,19,16,False,0,0,0
5790,中山分隊,A465,地下,一般式,公,太平區,宜欣里仁和街2號前（三角開關）,單口,五角開關,無,120.71546137,24.1369093,False,,大里服務所,True,,,2025/3/31 上午 01:22:22,good055096,14,16,False,0,0,0
5791,中山分隊,A466,地下,一般式,公,太平區,宜欣里仁和街30號前,單口,五角開關,無,120.71668999,24.137135,False,,大里服務所,True,,,2025/3/31 上午 01:22:34,good055096,14,16,False,0,0,0
5792,中山分隊,A467,地下,一般式,公,太平區,宜欣里仁和街底與三巷口,單口,五角開關,無,120.7176876,24.13725197,False,,大里服務所,True,,,2025/3/31 上午 01:22:46,good055096,14,16,False,0,0,0
5797,中山分隊,A468,地下,一般式,公,太平區,宜欣里宜昌東路2號前（三角開關）,單口,五角開關,無,120.71532189,24.13827756,False,,大里服務所,True,,,2025/3/31 上午 01:22:58,good055096,15,16,False,0,0,0
5799,中山分隊,A469,地下,一般式,公,太平區,宜欣里宜昌東路30號前,單口,五角開關,無,120.71623921,24.13820168,False,,大里服務所,True,,,2025/3/31 上午 01:23:08,good055096,15,16,False,0,0,0
18617,中山分隊,A470,地下,一般式,公,太平區,宜欣里宜昌東路5巷30號旁,單口,五角開關,無,120.71658748,24.13923038,False,,大里服務所,True,2019/1/2 下午 10:40:09,中山分隊,2025/3/31 上午 01:23:19,good055096,7,16,False,0,0,0
18618,中山分隊,A471,地下,一般式,公,太平區,宜欣里宜昌東路5巷31弄66號,單口,五角開關,無,120.71655,24.14011329,False,,大里服務所,True,2019/1/2 下午 10:41:47,中山分隊,2025/3/31 上午 01:23:39,good055096,8,16,False,0,0,0
5800,中山分隊,A472,地下,一般式,公,太平區,宜欣里宜昌東路72號前,單口,五角開關,無,120.71715116,24.13811846,False,,大里服務所,True,,,2025/3/31 上午 01:24:07,good055096,15,16,False,0,0,0
5802,中山分隊,A473,地下,一般式,公,太平區,宜欣里宜昌東路100號前（三角開關）,單口,五角開關,無,120.71870148,24.13932271,False,,大里服務所,True,,,2025/3/31 上午 01:24:21,good055096,15,16,False,0,0,0
5803,中山分隊,A474,地下,一般式,公,太平區,宜欣里宜昌東路118之2號前,單口,五角開關,無,120.7191199,24.14061996,False,,大里服務所,True,,,2025/3/31 上午 01:24:32,good055096,15,16,False,0,0,0
5804,中山分隊,A475,地下,一般式,公,太平區,宜欣里宜昌東路130巷14號前,單口,五角開關,無,120.72008013,24.14122208,False,,大里服務所,True,,,2025/3/31 上午 01:24:52,good055096,14,16,False,0,0,0
5810,中山分隊,A476,地下,一般式,公,太平區,宜欣里富平路38巷與富平路口,單口,五角開關,無,120.71709215,24.14096263,False,,大里服務所,True,,,2025/3/31 上午 01:25:27,good055096,16,16,False,0,0,0
5809,中山分隊,A477,地下,一般式,公,太平區,宜欣里富平路13巷14號前,單口,五角開關,無,120.71767687,24.13992483,False,,大里服務所,True,,,2025/3/31 上午 01:26:11,good055096,15,16,False,0,0,0
18619,中山分隊,A478,地下,一般式,公,太平區,宜欣里富平路13巷28號前,單口,五角開關,無,120.7175058,24.13917588,False,,大里服務所,True,2019/1/2 下午 10:43:51,中山分隊,2025/3/31 上午 01:26:25,good055096,7,16,False,0,0,0
5801,中山分隊,A479,地下,一般式,公,太平區,宜欣里宜昌東路23巷25號前,單口,五角開關,無,120.71820259,24.13948426,False,,大里服務所,True,,,2025/3/31 上午 01:26:40,good055096,16,16,False,0,0,0
21665,中山分隊,A480,地下,,公,太平區,環中東路三段和樹孝路273巷口,單口,五角開關,無,120.71707032,24.15427945,False,,大里服務所,True,2024/12/13 下午 08:47:07,中山分隊,2026/4/10 上午 08:41:51,中山分隊,6,16,False,0,0,0
21666,中山分隊,A481,地下,一般式,公,太平區,環中東路三段和樹孝路115巷口,單口,五角開關,無,120.71653709,24.15314247,False,,大里服務所,True,2024/12/13 下午 08:49:47,中山分隊,2026/4/10 上午 08:42:13,中山分隊,6,16,False,0,0,1126
21667,中山分隊,A482,地下,一般式,公,太平區,環中東路三段和育才路口,單口,五角開關,無,120.71749997,24.15683056,False,,大里服務所,True,2024/12/13 下午 08:51:20,中山分隊,2026/4/10 上午 08:42:29,中山分隊,6,16,False,0,0,881
21668,中山分隊,A483,地下,,公,太平區,環中東路三段650號（陞霖執美車道前）,單口,五角開關,無,120.71644433,24.15399028,False,,大里服務所,True,2024/12/13 下午 08:52:11,中山分隊,2026/4/10 上午 08:42:43,中山分隊,6,16,False,0,0,880
21669,中山分隊,A484,地下,一般式,公,太平區,環中東路三段517號,單口,五角開關,無,120.71534291,24.1506243,False,,大里服務所,True,2024/12/13 下午 08:53:52,中山分隊,2026/4/10 上午 08:43:03,中山分隊,5,16,False,0,0,556
21670,中山分隊,A485,地下,一般式,公,太平區,環中東路三段91號,單口,五角開關,無,120.71806201,24.15913658,False,,大里服務所,True,2024/12/13 下午 08:56:08,中山分隊,2026/4/15 下午 01:22:50,中山分隊,6,0,False,0,0,999
21671,中山分隊,A486,地下,一般式,公,太平區,環中東路三段（共好咖啡往前10公尺）,單口,五角開關,無,120.71724829,24.15785976,False,,大里服務所,True,2024/12/13 下午 09:00:59,中山分隊,2026/4/15 下午 01:21:22,中山分隊,6,16,False,0,0,1370
5750,中山分隊,A487,地上,,公,太平區,新坪里祥順路1段與新平路口（新平路三段456號）,雙口,五角開關,無,120.72708606,24.15690059,False,,大里服務所,True,,,2026/6/9 下午 04:25:11,災害搶救科,18,16,False,0,0,352
5751,中山分隊,A488,地上,,公,太平區,新坪里祥順路1段 編號 02,雙口,五角開關,無,120.72679638,24.15638666,False,,大里服務所,True,,,2025/4/8 上午 09:57:18,中山分隊,17,16,False,0,0,1069
5752,中山分隊,A489,地上,,公,太平區,新坪里祥順路1段 編號 03,雙口,五角開關,無,120.72623312,24.15540772,False,,大里服務所,True,,,2025/4/8 上午 10:04:56,中山分隊,16,17,False,0,0,463
5753,中山分隊,A490,地上,,公,太平區,新坪里祥順路1段 編號 04,雙口,五角開關,無,120.72592198,24.15485951,False,,大里服務所,True,,,2025/4/8 上午 10:05:24,中山分隊,16,17,False,0,0,436
5754,中山分隊,A491,地上,,公,太平區,新坪里祥順路1段 編號 05,雙口,五角開關,無,120.72542846,24.15413998,False,,大里服務所,True,,,2026/4/15 下午 01:25:20,中山分隊,17,17,False,0,0,563
5755,中山分隊,A492,地上,,公,太平區,新坪里祥順路1段 編號 06,雙口,五角開關,無,120.72504758,24.15355751,False,,大里服務所,True,,,2026/4/15 下午 01:26:51,中山分隊,17,17,False,0,0,637
5756,中山分隊,A493,地上,,公,太平區,新坪里祥順路1段 編號 07,雙口,五角開關,無,120.72459697,24.15286734,False,,大里服務所,True,,,2026/4/15 下午 01:27:30,中山分隊,16,17,False,0,0,647
5757,中山分隊,A494,地上,,公,太平區,新吉里祥順路1段 編號 08,雙口,五角開關,無,120.72411417,24.1520548,False,,大里服務所,True,,,2026/4/15 下午 01:28:01,中山分隊,18,17,False,0,0,853
5758,中山分隊,A495,地上,,公,太平區,新吉里祥順路1段 編號 09,雙口,五角開關,無,120.7238084,24.15142826,False,,大里服務所,True,,,2026/4/15 下午 01:28:35,中山分隊,17,17,False,0,0,947
5759,中山分隊,A496,地上,,公,太平區,新吉里祥順路1段 編號 10,雙口,五角開關,無,120.72329878,24.1500528,False,,大里服務所,True,,,2026/4/15 下午 01:29:34,中山分隊,18,17,False,0,0,956
5760,中山分隊,A497,地上,,公,太平區,新吉里祥順路1段 編號 11,雙口,五角開關,無,120.72328269,24.14998427,False,,大里服務所,True,,,2026/4/15 下午 01:31:04,中山分隊,17,17,False,0,0,927
5761,中山分隊,A498,地上,,公,太平區,宜昌里祥順路1段 編號 12,雙口,五角開關,無,120.72306811,24.14923045,False,,大里服務所,True,,,2026/4/15 下午 01:31:33,中山分隊,17,17,False,0,0,883
5762,中山分隊,A499,地上,,公,太平區,宜昌里祥順路1段 編號 13,雙口,五角開關,無,120.72282135,24.14833468,False,,大里服務所,True,,,2026/4/15 下午 01:32:30,中山分隊,19,17,False,0,0,861
5763,中山分隊,A500,地上,,公,太平區,中山里祥順路1段 編號 14,雙口,五角開關,無,120.72267115,24.14774728,False,,大里服務所,True,,,2026/4/15 下午 01:32:57,中山分隊,17,17,False,0,0,896
5764,中山分隊,A501,地上,,公,太平區,中山里祥順路1段 編號 15,雙口,五角開關,無,120.72248876,24.14705219,False,,大里服務所,True,,,2025/4/8 上午 10:13:12,中山分隊,15,17,False,0,0,361
5765,中山分隊,A502,地上,,公,太平區,豐年里祥順路1段 編號 16,雙口,五角開關,無,120.72220444,24.14603157,False,,大里服務所,True,,,2025/4/8 上午 10:13:36,中山分隊,17,17,False,0,0,1519
5766,中山分隊,A503,地上,,公,太平區,豐年里祥順路1段 編號 17,雙口,五角開關,無,120.72200596,24.14534871,False,,大里服務所,True,,,2025/4/8 上午 10:14:02,中山分隊,16,17,False,0,0,993
5767,中山分隊,A504,地上,,公,太平區,豐年里祥順路1段 編號 18,雙口,五角開關,無,120.72185039,24.14478088,False,,大里服務所,True,,,2025/4/8 上午 10:14:22,中山分隊,16,17,False,0,0,2119
5768,中山分隊,A505,地上,,公,太平區,豐年里祥順路1段 編號 19,雙口,五角開關,無,120.72166264,24.14412493,False,,大里服務所,True,,,2025/4/8 上午 10:14:57,中山分隊,15,17,False,0,0,1554
5769,中山分隊,A506,地上,,公,太平區,豐年里祥順路1段 編號 20,雙口,五角開關,無,120.7215017,24.14345919,False,,大里服務所,True,,,2025/4/8 上午 10:15:12,中山分隊,15,17,False,0,0,1344
5770,中山分隊,A507,地上,,公,太平區,豐年里祥順路1段 編號 21,雙口,五角開關,無,120.72129786,24.1426319,False,,大里服務所,True,,,2025/4/8 上午 10:15:34,中山分隊,15,17,False,0,0,1342
5771,中山分隊,A508,地上,,公,太平區,宜欣里祥順路1段 編號 22,雙口,五角開關,無,120.72108328,24.14194168,False,,大里服務所,True,,,2025/4/8 上午 10:15:49,中山分隊,16,17,False,0,0,1283
5772,中山分隊,A509,地上,,公,太平區,宜欣里祥順路1段 編號 23,雙口,五角開關,無,120.72085797,24.14114865,False,,大里服務所,True,,,2025/4/8 上午 10:16:02,中山分隊,17,17,False,0,0,1417
5773,中山分隊,A510,地上,,公,太平區,宜欣里祥順路1段 編號 24,雙口,五角開關,無,120.72063803,24.14045842,False,,大里服務所,True,,,2025/4/8 上午 10:16:17,中山分隊,16,17,False,0,0,2027
5774,中山分隊,A511,地上,,公,太平區,宜欣里祥順路1段 編號 25,雙口,五角開關,無,120.72025179,24.13967028,False,,大里服務所,True,,,2026/4/15 下午 01:38:26,中山分隊,17,17,False,0,0,1073
5775,中山分隊,A512,地上,,公,太平區,宜欣里祥順路1段 編號 26,雙口,五角開關,無,120.71989774,24.1390241,False,,大里服務所,True,,,2026/4/15 下午 02:44:51,中山分隊,17,17,False,0,0,1038
5776,中山分隊,A513,地上,,公,太平區,宜欣里祥順路1段 編號 27,雙口,五角開關,無,120.71935057,24.13832406,False,,大里服務所,True,,,2026/4/15 下午 02:45:20,中山分隊,17,17,False,0,0,1082
5777,中山分隊,A514,地上,,公,太平區,宜欣里祥順路1段 編號 28,雙口,五角開關,無,120.7189536,24.13782473,False,,大里服務所,True,,,2026/4/15 下午 02:45:46,中山分隊,18,17,False,0,0,998
5778,中山分隊,A515,地上,,公,太平區,宜欣里祥順路1段 編號 29,雙口,五角開關,無,120.71854591,24.13735967,False,,大里服務所,True,,,2026/4/15 下午 02:46:17,中山分隊,16,17,False,0,0,683
5779,中山分隊,A516,地上,,公,太平區,宜欣里祥順路1段 編號 30,雙口,五角開關,無,120.71783781,24.13670858,False,,大里服務所,True,,,2026/4/15 下午 02:46:43,中山分隊,18,17,False,0,0,669
5780,中山分隊,A517,地上,,公,太平區,宜欣里祥順路1段 編號 31,雙口,五角開關,無,120.71699023,24.13627779,False,,大里服務所,True,,,2026/4/15 下午 02:47:20,中山分隊,16,17,False,0,0,537
5781,中山分隊,A518,地上,,公,太平區,宜佳里祥順路1段 編號 32,雙口,五角開關,無,120.71541845,24.13600364,False,,大里服務所,True,,,2026/4/15 下午 02:47:41,中山分隊,16,17,False,0,0,639
5782,中山分隊,A519,地上,,公,太平區,宜佳里祥順路1段 編號 33,雙口,五角開關,無,120.71465134,24.13589105,False,,大里服務所,True,,,2026/4/15 下午 02:48:16,中山分隊,18,18,False,0,0,358
5783,中山分隊,A520,地上,,公,太平區,宜佳里祥順路1段 編號 34,雙口,五角開關,無,120.71364283,24.13577355,False,,大里服務所,True,,,2026/4/15 下午 02:48:40,中山分隊,17,18,False,0,0,554
5784,中山分隊,A521,地上,,公,太平區,宜佳里祥順路1段 編號 35,雙口,五角開關,無,120.71217298,24.13558753,False,,大里服務所,True,,,2026/4/15 下午 02:49:04,中山分隊,17,18,False,0,0,562
5785,中山分隊,A522,地上,,公,太平區,宜佳里祥順路1段 編號 36,雙口,五角開關,無,120.71192622,24.13559242,False,,大里服務所,True,,,2026/4/15 下午 02:49:43,中山分隊,18,18,False,0,0,628
5786,中山分隊,A523,地上,,公,太平區,宜佳里祥順路1段 編號 37,雙口,五角開關,無,120.71120202,24.13546024,False,,大里服務所,True,,,2026/4/15 下午 02:50:04,中山分隊,18,18,False,0,0,795
5787,中山分隊,A524,地上,,公,太平區,宜佳里祥順路1段 編號 38,雙口,五角開關,無,120.71012914,24.13509308,False,,大里服務所,True,,,2026/4/15 下午 02:50:18,中山分隊,18,18,False,0,0,763
